State,County,Total_List,Cancelled,Cancelled_,Postponed,Postponed_,TotalFallout,Total_Fallout_,Pending_OutbidNC,Pending_Sales_Results,BTS_from_total_list,BTS
Alabama,,2550,947,37,415,16,1362,53,0,0,46.6,1188
,Autauga,25,11,44,5,20,16,64,0,0,36.0,9
,Baldwin,78,32,41,18,23,50,64,0,0,35.9,28
,Bibb,6,3,50,1,17,4,67,0,0,33.3,2
,Blount,33,8,24,4,12,12,36,0,0,63.6,21
,Bullock,2,0,0,2,100,2,100,0,0,0.0,
,Butler,6,3,50,0,0,3,50,0,0,50.0,3
,Calhoun,81,28,35,13,16,41,51,0,0,49.4,40
,Chambers,8,4,50,0,0,4,50,0,0,50.0,4
,Cherokee,7,1,14,3,43,4,57,0,0,42.9,3
,Chilton,13,2,15,2,15,4,31,0,0,69.2,9
,Choctaw,3,0,0,1,33,1,33,0,0,66.7,2
,Clarke,5,2,40,1,20,3,60,0,0,40.0,2
,Clay,5,1,20,2,40,3,60,0,0,40.0,2
,Cleburne,1,1,100,0,0,1,100,0,0,0.0,
,Coffee,14,2,14,0,0,2,14,0,0,85.7,12
,Colbert,24,9,38,3,13,12,50,0,0,50.0,12
,Conecuh,5,2,40,1,20,3,60,0,0,40.0,2
,Coosa,1,0,0,,0,0,,0,0,100.0,1
,Covington,11,3,27,1,9,4,36,0,0,63.6,7
,Crenshaw,1,0,0,,0,0,,0,0,100.0,1
,Cullman,27,7,26,6,22,13,48,0,0,51.9,14
,Dale,25,6,24,1,4,7,28,0,0,72.0,18
,Dallas,10,4,40,0,0,4,40,0,0,60.0,6
,De Kalb,4,2,50,0,0,2,50,0,0,50.0,2
,DeKalb,13,3,23,2,15,5,38,0,0,61.5,8
,Elmore,52,17,33,12,23,29,56,0,0,44.2,23
,Escambia,10,1,10,4,40,5,50,0,0,50.0,5
,Etowah,68,18,26,14,21,32,47,0,0,52.9,36
,Fayette,9,3,33,2,22,5,56,0,0,44.4,4
,Franklin,7,6,86,0,0,6,86,0,0,14.3,1
,Geneva,3,2,67,0,0,2,67,0,0,33.3,1
,Hale,7,4,57,0,0,4,57,0,0,42.9,3
,Henry,6,0,0,1,17,1,17,0,0,83.3,5
,Houston,37,8,22,8,22,16,43,0,0,56.8,21
,Jackson,10,4,40,0,0,4,40,0,0,60.0,6
,Jefferson,506,181,36,90,18,271,54,0,0,46.4,235
,Lamar,5,1,20,0,0,1,20,0,0,80.0,4
,Lauderdale,30,12,40,3,10,15,50,0,0,50.0,15
,Lawrence,11,5,45,2,18,7,64,0,0,36.4,4
,Lee,59,21,36,9,15,30,51,0,0,49.2,29
,Limestone,49,23,47,12,24,35,71,0,0,28.6,14
,Lowndes,4,0,0,1,25,1,25,0,0,75.0,3
,Macon,9,4,44,0,0,4,44,0,0,55.6,5
,Madison,225,89,40,35,16,124,55,0,0,44.9,101
,Marengo,5,4,80,0,0,4,80,0,0,20.0,1
,Marion,8,4,50,2,25,6,75,0,0,25.0,2
,Marshall,57,15,26,13,23,28,49,0,0,50.9,29
,Mobile,316,124,39,43,14,167,53,0,0,47.2,149
,Monroe,6,2,33,1,17,3,50,0,0,50.0,3
,Montgomery,168,66,39,24,14,90,54,0,0,46.4,78
,Morgan,81,34,42,15,19,49,60,0,0,39.5,32
,Perry,1,0,0,1,100,1,100,0,0,0.0,
,Pickens,4,2,50,0,0,2,50,0,0,50.0,2
,Pike,6,5,83,1,17,6,100,0,0,0.0,
,Randolph,5,1,20,3,60,4,80,0,0,20.0,1
,Russell,38,13,34,5,13,18,47,0,0,52.6,20
,Saint Clair,48,21,44,7,15,28,58,0,0,41.7,20
,Shelby,115,46,40,15,13,61,53,0,0,47.0,54
,Talladega,25,11,44,2,8,13,52,0,0,48.0,12
,Tallapoosa,18,6,33,3,17,9,50,0,0,50.0,9
,Tuscaloosa,107,50,47,15,14,65,61,0,0,39.3,42
,Walker,19,7,37,4,21,11,58,0,0,42.1,8
,Washington,3,2,67,0,0,2,67,0,0,33.3,1
,Wilcox,2,1,50,1,50,2,100,0,0,0.0,
,Winston,3,0,0,1,33,1,33,0,0,66.7,2
Alaska,,51,9,18,22,43,31,61,,7,39.2,20
,Anchorage,25,5,20,10,40,15,60,,3,40.0,10
,Anchorage Municipality,4,0,0,4,100,4,100,0,0,0.0,
,Fairbanks North Star,6,1,17,1,17,2,33,0,0,66.7,4
,Juneau,1,0,0,,0,0,,0,0,100.0,1
,Kenai Peninsula,4,2,50,2,50,4,100,0,0,0.0,
,Kodiak Island,2,0,0,,0,0,,,1,100.0,2
,Matanuska Susitna,5,1,20,3,60,4,80,,1,20.0,1
,Matanuskasusitna,1,0,0,,0,0,,,1,100.0,1
,Matanuskasusitna Borough,3,0,0,2,67,2,67,,1,33.3,1
Arizona,,7460,1455,20,4580,61,6035,81,0,0,19.1,1425
,Apache,21,0,0,16,76,16,76,0,0,23.8,5
,Cochise,143,15,10,63,44,78,55,0,0,45.5,65
,Coconino,22,3,14,11,50,14,64,0,0,36.4,8
,Gila,26,1,4,13,50,14,54,0,0,46.2,12
,Graham,9,2,22,0,0,2,22,0,0,77.8,7
,Greenlee,1,0,0,1,100,1,100,0,0,0.0,
,La Paz,4,2,50,0,0,2,50,0,0,50.0,2
,Maricopa,4372,942,22,2767,63,3709,85,0,0,15.2,663
,Mohave,222,31,14,107,48,138,62,0,0,37.8,84
,Navajo,23,4,17,6,26,10,43,0,0,56.5,13
,Pima,1645,300,18,992,60,1292,79,0,0,21.5,353
,Pinal,663,97,15,436,66,533,80,0,0,19.6,130
,Santa Cruz,26,7,27,10,38,17,65,0,0,34.6,9
,Yavapai,161,30,19,88,55,118,73,0,0,26.7,43
,Yuma,122,21,17,70,57,91,75,0,0,25.4,31
Arkansas,,1083,397,37,217,20,614,57,,3,43.3,469
,Arkansas,8,2,25,2,25,4,50,0,0,50.0,4
,Ashley,3,2,67,0,0,2,67,0,0,33.3,1
,Baxter,9,3,33,3,33,6,67,0,0,33.3,3
,Benton,48,21,44,8,17,29,60,0,0,39.6,19
,Boone,6,1,17,1,17,2,33,0,0,66.7,4
,Carroll,6,2,33,2,33,4,67,0,0,33.3,2
,Chicot,1,1,100,0,0,1,100,0,0,0.0,
,Clark,9,3,33,2,22,5,56,0,0,44.4,4
,Cleburne,6,1,17,2,33,3,50,0,0,50.0,3
,Cleveland,1,0,0,,0,0,,0,0,100.0,1
,Columbia,5,2,40,1,20,3,60,0,0,40.0,2
,Conway,7,3,43,2,29,5,71,0,0,28.6,2
,Craighead,38,15,39,6,16,21,55,0,0,44.7,17
,Crawford,29,13,45,5,17,18,62,,1,37.9,11
,Crittenden,68,21,31,19,28,40,59,0,0,41.2,28
,Cross,3,2,67,1,33,3,100,0,0,0.0,
,Desha,2,0,0,,0,0,,0,0,100.0,2
,Drew,2,1,50,0,0,1,50,0,0,50.0,1
,Faulkner,59,23,39,15,25,38,64,0,0,35.6,21
,Franklin,2,0,0,,0,0,,0,0,100.0,2
,Garland,49,13,27,6,12,19,39,0,0,61.2,30
,Grant,3,2,67,1,33,3,100,0,0,0.0,
,Greene,13,6,46,1,8,7,54,0,0,46.2,6
,Hempstead,6,2,33,2,33,4,67,0,0,33.3,2
,Hot Spring,7,3,43,0,0,3,43,0,0,57.1,4
,Howard,2,0,0,,0,0,,0,0,100.0,2
,Independence,6,3,50,0,0,3,50,0,0,50.0,3
,Jackson,7,2,29,3,43,5,71,0,0,28.6,2
,Jefferson,43,16,37,11,26,27,63,0,0,37.2,16
,Johnson,6,1,17,2,33,3,50,0,0,50.0,3
,Lafayette,1,0,0,,0,0,,0,0,100.0,1
,Lawrence,6,1,17,2,33,3,50,0,0,50.0,3
,Lee,2,0,0,2,100,2,100,0,0,0.0,
,Lincoln,2,0,0,1,50,1,50,0,0,50.0,1
,Logan,3,1,33,0,0,1,33,0,0,66.7,2
,Lonoke,27,8,30,2,7,10,37,0,0,63.0,17
,Miller,14,5,36,1,7,6,43,0,0,57.1,8
,Mississippi,18,8,44,5,28,13,72,0,0,27.8,5
,Monroe,1,0,0,,0,0,,0,0,100.0,1
,Nevada,1,0,0,,0,0,,0,0,100.0,1
,Ouachita,5,1,20,1,20,2,40,0,0,60.0,3
,Phillips,13,4,31,5,38,9,69,0,0,30.8,4
,Poinsett,10,1,10,4,40,5,50,0,0,50.0,5
,Polk,3,0,0,,0,0,,0,0,100.0,3
,Pope,22,9,41,2,9,11,50,0,0,50.0,11
,Prairie,3,1,33,1,33,2,67,0,0,33.3,1
,Pulaski,286,114,40,59,21,173,60,,2,39.5,113
,Randolph,2,2,100,0,0,2,100,0,0,0.0,
,Saint Francis,7,1,14,1,14,2,29,0,0,71.4,5
,Saline,72,23,32,13,18,36,50,0,0,50.0,36
,Searcy,1,0,0,,0,0,,0,0,100.0,1
,Sebastian,49,20,41,8,16,28,57,0,0,42.9,21
,Sevier,2,1,50,1,50,2,100,0,0,0.0,
,Sharp,1,0,0,,0,0,,0,0,100.0,1
,Stone,3,0,0,,0,0,,0,0,100.0,3
,Union,9,5,56,3,33,8,89,0,0,11.1,1
,Van Buren,7,2,29,0,0,2,29,0,0,71.4,5
,Washington,33,16,48,8,24,24,73,0,0,27.3,9
,White,23,10,43,2,9,12,52,0,0,47.8,11
,Woodruff,1,0,0,1,100,1,100,0,0,0.0,
,Yell,2,0,0,,0,0,,0,0,100.0,2
California,,15996,3350,21,10262,64,13612,85,0,0,14.9,2384
,Alameda,303,85,28,189,62,274,90,0,0,9.6,29
,Amador,37,7,19,21,57,28,76,0,0,24.3,9
,Butte,99,14,14,49,49,63,64,0,0,36.4,36
,Calaveras,30,5,17,14,47,19,63,0,0,36.7,11
,Colusa,14,0,0,10,71,10,71,0,0,28.6,4
,Contra Costa,370,98,26,217,59,315,85,0,0,14.9,55
,Del Norte,6,1,17,1,17,2,33,0,0,66.7,4
,El Dorado,122,19,16,77,63,96,79,0,0,21.3,26
,Fresno,505,89,18,294,58,383,76,0,0,24.2,122
,Glenn,7,2,29,2,29,4,57,0,0,42.9,3
,Humboldt,34,5,15,12,35,17,50,0,0,50.0,17
,Imperial,78,20,26,45,58,65,83,0,0,16.7,13
,Inyo,1,1,100,0,0,1,100,0,0,0.0,
,Kern,535,107,20,255,48,362,68,0,0,32.3,173
,Kings,109,17,16,71,65,88,81,0,0,19.3,21
,Lake,46,8,17,22,48,30,65,0,0,34.8,16
,Lassen,22,5,23,5,23,10,45,0,0,54.5,12
,Los Angeles,4384,971,22,3043,69,4014,92,0,0,8.4,370
,Madera,65,14,22,32,49,46,71,0,0,29.2,19
,Marin,48,14,29,32,67,46,96,0,0,4.2,2
,Mariposa,8,0,0,3,38,3,38,0,0,62.5,5
,Mendocino,23,7,30,9,39,16,70,0,0,30.4,7
,Merced,97,21,22,56,58,77,79,0,0,20.6,20
,Modoc,5,0,0,,0,0,,0,0,100.0,5
,Mono,6,1,17,4,67,5,83,0,0,16.7,1
,Monterey,70,15,21,44,63,59,84,0,0,15.7,11
,Napa,36,7,19,26,72,33,92,0,0,8.3,3
,Nevada,62,9,15,43,69,52,84,0,0,16.1,10
,Orange,976,197,20,698,72,895,92,0,0,8.3,81
,Placer,163,31,19,107,66,138,85,0,0,15.3,25
,Plumas,12,0,0,5,42,5,42,0,0,58.3,7
,Riverside,1711,323,19,1120,65,1443,84,0,0,15.7,268
,Sacramento,869,162,19,555,64,717,83,0,0,17.5,152
,San Benito,9,3,33,4,44,7,78,0,0,22.2,2
,San Bernardino,1533,279,18,956,62,1235,81,0,0,19.4,298
,San Diego,997,234,23,660,66,894,90,0,0,10.3,103
,San Francisco,68,16,24,48,71,64,94,0,0,5.9,4
,San Joaquin,403,84,21,246,61,330,82,0,0,18.1,73
,San Luis Obispo,75,11,15,57,76,68,91,0,0,9.3,7
,San Mateo,122,40,33,74,61,114,93,0,0,6.6,8
,Santa Barbara,113,21,19,79,70,100,88,0,0,11.5,13
,Santa Clara,274,76,28,184,67,260,95,0,0,5.1,14
,Santa Cruz,77,14,18,54,70,68,88,0,0,11.7,9
,Shasta,119,15,13,62,52,77,65,0,0,35.3,42
,Siskiyou,20,3,15,7,35,10,50,0,0,50.0,10
,Solano,197,49,25,110,56,159,81,0,0,19.3,38
,Sonoma,92,27,29,53,58,80,87,0,0,13.0,12
,Stanislaus,269,66,25,144,54,210,78,0,0,21.9,59
,Sutter,72,9,13,46,64,55,76,0,0,23.6,17
,Tehama,40,6,15,18,45,24,60,0,0,40.0,16
,Trinity,5,0,0,3,60,3,60,0,0,40.0,2
,Tulare,226,46,20,108,48,154,68,0,0,31.9,72
,Tuolumne,22,4,18,6,27,10,45,0,0,54.5,12
,Ventura,328,70,21,236,72,306,93,0,0,6.7,22
,Yolo,51,14,27,29,57,43,84,0,0,15.7,8
,Yuba,31,8,26,17,55,25,81,0,0,19.4,6
Colorado,,1681,308,18,1141,68,1449,86,,48,13.8,232
,Adams,135,29,21,94,70,123,91,,5,8.9,12
,Arapahoe,260,39,15,208,80,247,95,,4,5.0,13
,Bent,1,0,0,,0,0,,0,0,100.0,1
,Boulder,50,14,28,31,62,45,90,,2,10.0,5
,Broomfield,12,4,33,8,67,12,100,0,0,0.0,
,Chaffee,6,0,0,4,67,4,67,0,0,33.3,2
,Clear Creek,1,0,0,1,100,1,100,0,0,0.0,
,Crowley,1,0,0,,0,0,,0,0,100.0,1
,Delta,5,1,20,0,0,1,20,0,0,80.0,4
,Denver,79,19,24,54,68,73,92,0,0,7.6,6
,Douglas,122,18,15,99,81,117,96,,1,4.1,5
,Eagle,3,0,0,1,33,1,33,0,0,66.7,2
,El Paso,364,54,15,237,65,291,80,,10,20.1,73
,Elbert,5,4,80,1,20,5,100,0,0,0.0,
,Fremont,5,2,40,2,40,4,80,0,0,20.0,1
,Garfield,36,5,14,20,56,25,69,,4,30.6,11
,Gilpin,16,1,6,15,94,16,100,0,0,0.0,
,Grand,7,1,14,6,86,7,100,0,0,0.0,
,Gunnison,11,1,9,9,82,10,91,,1,9.1,1
,Huerfano,3,2,67,0,0,2,67,0,0,33.3,1
,Jefferson,153,41,27,107,70,148,97,0,0,3.3,5
,Kit Carson,3,3,100,0,0,3,100,0,0,0.0,
,La Plata,8,3,38,2,25,5,63,,1,37.5,3
,Lake,1,0,0,,0,0,,,1,100.0,1
,Larimer,52,12,23,36,69,48,92,,1,7.7,4
,Las Animas,7,2,29,3,43,5,71,,1,28.6,2
,Logan,1,0,0,1,100,1,100,0,0,0.0,
,Mesa,64,9,14,33,52,42,66,,6,34.4,22
,Moffat,3,0,0,,0,0,,,1,100.0,3
,Montezuma,4,0,0,2,50,2,50,0,0,50.0,2
,Montrose,13,3,23,6,46,9,69,0,0,30.8,4
,Morgan,1,1,100,0,0,1,100,0,0,0.0,
,Otero,3,1,33,0,0,1,33,0,0,66.7,2
,Ouray,1,0,0,,0,0,,0,0,100.0,1
,Park,3,0,0,1,33,1,33,,1,66.7,2
,Pitkin,6,1,17,4,67,5,83,,1,16.7,1
,Pueblo,114,9,8,75,66,84,74,,6,26.3,30
,Rio Blanco,2,0,0,1,50,1,50,0,0,50.0,1
,Rio Grande,1,0,0,,0,0,,0,0,100.0,1
,Routt,4,1,25,2,50,3,75,,1,25.0,1
,Sedgwick,1,0,0,,0,0,,0,0,100.0,1
,Summit,2,1,50,0,0,1,50,,1,50.0,1
,Teller,14,2,14,11,79,13,93,0,0,7.1,1
,Weld,96,24,25,66,69,90,94,0,0,6.3,6
,Yuma,2,1,50,1,50,2,100,0,0,0.0,
Connecticut,,5,1,20,0,0,1,20,,3,80.0,4
,Hartford,2,1,50,0,0,1,50,0,0,50.0,1
,Middlesex,1,0,0,,0,0,,,1,100.0,1
,New Haven,2,0,0,,0,0,,,2,100.0,2
Delaware,,43,20,47,0,0,20,47,,1,53.5,23
,Kent,16,7,44,0,0,7,44,,1,56.3,9
,New Castle,20,8,40,0,0,8,40,0,0,60.0,12
,Sussex,7,5,71,0,0,5,71,0,0,28.6,2
Florida,,15446,7091,46,0,0,7091,46,,190,54.1,8355
,Alachua,105,37,35,0,0,37,35,,2,64.8,68
,Baker,11,4,36,0,0,4,36,,2,63.6,7
,Bay,114,19,17,0,0,19,17,,2,83.3,95
,Bradford,8,2,25,0,0,2,25,,1,75.0,6
,Brevard,347,110,32,0,0,110,32,,6,68.3,237
,Broward,2309,1566,68,0,0,1566,68,,18,32.2,743
,Calhoun,3,2,67,0,0,2,67,0,0,33.3,1
,Charlotte,178,51,29,0,0,51,29,,2,71.3,127
,Citrus,141,32,23,0,0,32,23,0,0,77.3,109
,Clay,109,32,29,0,0,32,29,,1,70.6,77
,Collier,80,33,41,0,0,33,41,,4,58.8,47
,Columbia,15,5,33,0,0,5,33,,1,66.7,10
,De Soto,11,5,45,0,0,5,45,0,0,54.5,6
,Desoto,2,1,50,0,0,1,50,0,0,50.0,1
,Dixie,3,1,33,0,0,1,33,0,0,66.7,2
,Duval,989,465,47,0,0,465,47,,11,53.0,524
,Escambia,167,59,35,0,0,59,35,,1,64.7,108
,Flagler,65,25,38,0,0,25,38,0,0,61.5,40
,Franklin,6,1,17,0,0,1,17,0,0,83.3,5
,Gadsden,12,4,33,0,0,4,33,0,0,66.7,8
,Gilchrist,7,1,14,0,0,1,14,0,0,85.7,6
,Glades,5,1,20,0,0,1,20,0,0,80.0,4
,Gulf,3,0,0,,0,0,,0,0,100.0,3
,Hamilton,1,0,0,,0,0,,,1,100.0,1
,Hardee,2,1,50,0,0,1,50,0,0,50.0,1
,Hendry,9,2,22,0,0,2,22,0,0,77.8,7
,Hernando,155,43,28,0,0,43,28,,3,72.3,112
,Highlands,49,7,14,0,0,7,14,0,0,85.7,42
,Hillsborough,1241,538,43,0,0,538,43,,24,56.6,703
,Holmes,3,0,0,,0,0,,0,0,100.0,3
,Indian River,88,34,39,0,0,34,39,0,0,61.4,54
,Jackson,11,5,45,0,0,5,45,,1,54.5,6
,Jefferson,1,0,0,,0,0,,0,0,100.0,1
,Lafayette,3,1,33,0,0,1,33,0,0,66.7,2
,Lake,140,53,38,0,0,53,38,,1,62.1,87
,Lee,274,76,28,0,0,76,28,,2,72.3,198
,Leon,168,52,31,0,0,52,31,,1,69.0,116
,Levy,11,1,9,0,0,1,9,0,0,90.9,10
,Madison,2,0,0,,0,0,,,1,100.0,2
,Manatee,151,55,36,0,0,55,36,,1,63.6,96
,Marion,283,83,29,0,0,83,29,,1,70.7,200
,Martin,75,28,37,0,0,28,37,0,0,62.7,47
,Miami-Dade,2202,1443,66,0,0,1443,66,,21,34.5,759
,Monroe,30,18,60,0,0,18,60,0,0,40.0,12
,Nassau,47,20,43,0,0,20,43,0,0,57.4,27
,Okaloosa,103,40,39,0,0,40,39,,2,61.2,63
,Okeechobee,30,13,43,0,0,13,43,,1,56.7,17
,Orange,1058,508,48,0,0,508,48,,8,52.0,550
,Osceola,180,88,49,0,0,88,49,,4,51.1,92
,Palm Beach,752,388,52,0,0,388,52,,8,48.4,364
,Pasco,605,152,25,0,0,152,25,,13,74.9,453
,Pinellas,968,283,29,0,0,283,29,,13,70.8,685
,Polk,591,193,33,0,0,193,33,,12,67.3,398
,Putnam,31,3,10,0,0,3,10,0,0,90.3,28
,Saint Johns,62,21,34,0,0,21,34,,1,66.1,41
,Saint Lucie,175,58,33,0,0,58,33,,6,66.9,117
,Santa Rosa,178,52,29,0,0,52,29,,2,70.8,126
,Sarasota,231,71,31,0,0,71,31,,1,69.3,160
,Seminole,243,112,46,0,0,112,46,,4,53.9,131
,Sumter,26,5,19,0,0,5,19,0,0,80.8,21
,Suwannee,6,1,17,0,0,1,17,0,0,83.3,5
,Taylor,2,0,0,,0,0,,0,0,100.0,2
,Volusia,494,161,33,0,0,161,33,,7,67.4,333
,Wakulla,12,1,8,0,0,1,8,0,0,91.7,11
,Walton,49,22,45,0,0,22,45,0,0,55.1,27
,Washington,14,3,21,0,0,3,21,0,0,78.6,11
Georgia,,9083,4706,52,0,0,4706,52,0,0,48.2,4377
,Appling,1,1,100,0,0,1,100,0,0,0.0,
,Baker,1,0,0,,0,0,,0,0,100.0,1
,Baldwin,19,8,42,0,0,8,42,0,0,57.9,11
,Banks,15,9,60,0,0,9,60,0,0,40.0,6
,Barrow,84,41,49,0,0,41,49,0,0,51.2,43
,Bartow,106,43,41,0,0,43,41,0,0,59.4,63
,Ben Hill,8,3,38,0,0,3,38,0,0,62.5,5
,Berrien,10,4,40,0,0,4,40,0,0,60.0,6
,Bibb,184,79,43,0,0,79,43,0,0,57.1,105
,Bleckley,4,1,25,0,0,1,25,0,0,75.0,3
,Brantley,7,1,14,0,0,1,14,0,0,85.7,6
,Brooks,9,5,56,0,0,5,56,0,0,44.4,4
,Bryan,24,12,50,0,0,12,50,0,0,50.0,12
,Bulloch,29,15,52,0,0,15,52,0,0,48.3,14
,Burke,7,3,43,0,0,3,43,0,0,57.1,4
,Butts,18,7,39,0,0,7,39,0,0,61.1,11
,Calhoun,4,2,50,0,0,2,50,0,0,50.0,2
,Camden,54,18,33,0,0,18,33,0,0,66.7,36
,Candler,4,2,50,0,0,2,50,0,0,50.0,2
,Carroll,98,44,45,0,0,44,45,0,0,55.1,54
,Catoosa,49,16,33,0,0,16,33,0,0,67.3,33
,Charlton,4,3,75,0,0,3,75,0,0,25.0,1
,Chatham,207,103,50,0,0,103,50,0,0,50.2,104
,Chattahoochee,2,2,100,0,0,2,100,0,0,0.0,
,Chattooga,15,6,40,0,0,6,40,0,0,60.0,9
,Cherokee,177,97,55,0,0,97,55,0,0,45.2,80
,Clarke,42,25,60,0,0,25,60,0,0,40.5,17
,Clayton,524,263,50,0,0,263,50,0,0,49.8,261
,Clinch,1,0,0,,0,0,,0,0,100.0,1
,Cobb,573,344,60,0,0,344,60,0,0,40.0,229
,Coffee,17,9,53,0,0,9,53,0,0,47.1,8
,Colquitt,22,10,45,0,0,10,45,0,0,54.5,12
,Columbia,100,49,49,0,0,49,49,0,0,51.0,51
,Cook,6,2,33,0,0,2,33,0,0,66.7,4
,Coweta,117,68,58,0,0,68,58,0,0,41.9,49
,Crawford,7,4,57,0,0,4,57,0,0,42.9,3
,Crisp,3,1,33,0,0,1,33,0,0,66.7,2
,Dade,6,2,33,0,0,2,33,0,0,66.7,4
,Dawson,18,9,50,0,0,9,50,0,0,50.0,9
,Decatur,15,9,60,0,0,9,60,0,0,40.0,6
,Dekalb,1006,553,55,0,0,553,55,0,0,45.0,453
,Dodge,6,4,67,0,0,4,67,0,0,33.3,2
,Dooly,3,2,67,0,0,2,67,0,0,33.3,1
,Dougherty,66,23,35,0,0,23,35,0,0,65.2,43
,Douglas,189,98,52,0,0,98,52,0,0,48.1,91
,Early,3,1,33,0,0,1,33,0,0,66.7,2
,Echols,2,2,100,0,0,2,100,0,0,0.0,
,Effingham,56,23,41,0,0,23,41,0,0,58.9,33
,Elbert,7,3,43,0,0,3,43,0,0,57.1,4
,Emanuel,6,4,67,0,0,4,67,0,0,33.3,2
,Evans,3,3,100,0,0,3,100,0,0,0.0,
,Fannin,17,9,53,0,0,9,53,0,0,47.1,8
,Fayette,53,32,60,0,0,32,60,0,0,39.6,21
,Floyd,74,24,32,0,0,24,32,0,0,67.6,50
,Forsyth,103,67,65,0,0,67,65,0,0,35.0,36
,Franklin,15,6,40,0,0,6,40,0,0,60.0,9
,Fulton,879,496,56,0,0,496,56,0,0,43.6,383
,Gilmer,20,9,45,0,0,9,45,0,0,55.0,11
,Glascock,3,0,0,,0,0,,0,0,100.0,3
,Glynn,53,26,49,0,0,26,49,0,0,50.9,27
,Gordon,36,17,47,0,0,17,47,0,0,52.8,19
,Grady,9,5,56,0,0,5,56,0,0,44.4,4
,Greene,4,1,25,0,0,1,25,0,0,75.0,3
,Gwinnett,920,552,60,0,0,552,60,0,0,40.0,368
,Habersham,25,8,32,0,0,8,32,0,0,68.0,17
,Hall,126,77,61,0,0,77,61,0,0,38.9,49
,Hancock,2,0,0,,0,0,,0,0,100.0,2
,Haralson,13,4,31,0,0,4,31,0,0,69.2,9
,Harris,18,10,56,0,0,10,56,0,0,44.4,8
,Hart,21,8,38,0,0,8,38,0,0,61.9,13
,Heard,9,3,33,0,0,3,33,0,0,66.7,6
,Henry,388,210,54,0,0,210,54,0,0,45.9,178
,Houston,146,56,38,0,0,56,38,0,0,61.6,90
,Irwin,2,0,0,,0,0,,0,0,100.0,2
,Jackson,38,22,58,0,0,22,58,0,0,42.1,16
,Jasper,18,9,50,0,0,9,50,0,0,50.0,9
,Jeff Davis,9,3,33,0,0,3,33,0,0,66.7,6
,Jefferson,7,3,43,0,0,3,43,0,0,57.1,4
,Jenkins,2,0,0,,0,0,,0,0,100.0,2
,Johnson,2,0,0,,0,0,,0,0,100.0,2
,Jones,30,19,63,0,0,19,63,0,0,36.7,11
,Lamar,11,4,36,0,0,4,36,0,0,63.6,7
,Lanier,4,3,75,0,0,3,75,0,0,25.0,1
,Laurens,21,9,43,0,0,9,43,0,0,57.1,12
,Lee,38,18,47,0,0,18,47,0,0,52.6,20
,Liberty,84,46,55,0,0,46,55,0,0,45.2,38
,Lincoln,3,0,0,,0,0,,0,0,100.0,3
,Long,13,3,23,0,0,3,23,0,0,76.9,10
,Lowndes,76,29,38,0,0,29,38,0,0,61.8,47
,Lumpkin,12,2,17,0,0,2,17,0,0,83.3,10
,Macon,2,1,50,0,0,1,50,0,0,50.0,1
,Madison,21,9,43,0,0,9,43,0,0,57.1,12
,Marion,2,0,0,,0,0,,0,0,100.0,2
,Mc Intosh,2,0,0,,0,0,,0,0,100.0,2
,McDuffie,11,3,27,0,0,3,27,0,0,72.7,8
,Mcintosh,3,2,67,0,0,2,67,0,0,33.3,1
,Meriwether,20,7,35,0,0,7,35,0,0,65.0,13
,Miller,2,1,50,0,0,1,50,0,0,50.0,1
,Mitchell,13,8,62,0,0,8,62,0,0,38.5,5
,Monroe,17,6,35,0,0,6,35,0,0,64.7,11
,Montgomery,1,0,0,,0,0,,0,0,100.0,1
,Morgan,9,5,56,0,0,5,56,0,0,44.4,4
,Murray,19,8,42,0,0,8,42,0,0,57.9,11
,Muscogee,158,74,47,0,0,74,47,0,0,53.2,84
,Newton,194,106,55,0,0,106,55,0,0,45.4,88
,Oconee,18,15,83,0,0,15,83,0,0,16.7,3
,Oglethorpe,8,6,75,0,0,6,75,0,0,25.0,2
,Paulding,263,133,51,0,0,133,51,0,0,49.4,130
,Peach,29,14,48,0,0,14,48,0,0,51.7,15
,Pickens,18,7,39,0,0,7,39,0,0,61.1,11
,Pierce,5,1,20,0,0,1,20,0,0,80.0,4
,Pike,10,6,60,0,0,6,60,0,0,40.0,4
,Polk,38,13,34,0,0,13,34,0,0,65.8,25
,Pulaski,7,2,29,0,0,2,29,0,0,71.4,5
,Putnam,19,10,53,0,0,10,53,0,0,47.4,9
,Rabun,10,5,50,0,0,5,50,0,0,50.0,5
,Randolph,1,1,100,0,0,1,100,0,0,0.0,
,Richmond,246,125,51,0,0,125,51,0,0,49.2,121
,Rockdale,156,85,54,0,0,85,54,0,0,45.5,71
,Schley,2,1,50,0,0,1,50,0,0,50.0,1
,Screven,4,1,25,0,0,1,25,0,0,75.0,3
,Seminole,2,1,50,0,0,1,50,0,0,50.0,1
,Spalding,62,28,45,0,0,28,45,0,0,54.8,34
,Stephens,12,5,42,0,0,5,42,0,0,58.3,7
,Stewart,3,0,0,,0,0,,0,0,100.0,3
,Sumter,20,7,35,0,0,7,35,0,0,65.0,13
,Talbot,2,2,100,0,0,2,100,0,0,0.0,
,Tattnall,8,4,50,0,0,4,50,0,0,50.0,4
,Taylor,2,2,100,0,0,2,100,0,0,0.0,
,Telfair,9,2,22,0,0,2,22,0,0,77.8,7
,Terrell,3,2,67,0,0,2,67,0,0,33.3,1
,Thomas,36,14,39,0,0,14,39,0,0,61.1,22
,Tift,12,3,25,0,0,3,25,0,0,75.0,9
,Toombs,11,2,18,0,0,2,18,0,0,81.8,9
,Towns,9,3,33,0,0,3,33,0,0,66.7,6
,Treutlen,1,0,0,,0,0,,0,0,100.0,1
,Troup,59,29,49,0,0,29,49,0,0,50.8,30
,Turner,4,1,25,0,0,1,25,0,0,75.0,3
,Twiggs,6,3,50,0,0,3,50,0,0,50.0,3
,Union,11,4,36,0,0,4,36,0,0,63.6,7
,Upson,18,6,33,0,0,6,33,0,0,66.7,12
,Walker,38,15,39,0,0,15,39,0,0,60.5,23
,Walton,95,51,54,0,0,51,54,0,0,46.3,44
,Ware,13,3,23,0,0,3,23,0,0,76.9,10
,Warren,2,0,0,,0,0,,0,0,100.0,2
,Washington,4,0,0,,0,0,,0,0,100.0,4
,Wayne,16,6,38,0,0,6,38,0,0,62.5,10
,White,22,9,41,0,0,9,41,0,0,59.1,13
,Whitfield,39,18,46,0,0,18,46,0,0,53.8,21
,Wilkes,3,1,33,0,0,1,33,0,0,66.7,2
,Wilkinson,2,1,50,0,0,1,50,0,0,50.0,1
,Worth,9,3,33,0,0,3,33,0,0,66.7,6
Idaho,,822,221,27,416,51,637,77,0,0,22.5,185
,Ada,224,65,29,125,56,190,85,0,0,15.2,34
,Bannock,61,21,34,26,43,47,77,0,0,23.0,14
,Bear Lake,1,1,100,0,0,1,100,0,0,0.0,
,Benewah,3,1,33,0,0,1,33,0,0,66.7,2
,Bingham,17,5,29,9,53,14,82,0,0,17.6,3
,Blaine,7,1,14,6,86,7,100,0,0,0.0,
,Boise,4,2,50,2,50,4,100,0,0,0.0,
,Bonner,5,2,40,2,40,4,80,0,0,20.0,1
,Bonneville,92,19,21,50,54,69,75,0,0,25.0,23
,Boundary,2,1,50,0,0,1,50,0,0,50.0,1
,Butte,3,1,33,0,0,1,33,0,0,66.7,2
,Canyon,95,27,28,38,40,65,68,0,0,31.6,30
,Caribou,5,1,20,1,20,2,40,0,0,60.0,3
,Cassia,2,0,0,1,50,1,50,0,0,50.0,1
,Clearwater,2,1,50,0,0,1,50,0,0,50.0,1
,Custer,2,1,50,0,0,1,50,0,0,50.0,1
,Elmore,5,1,20,0,0,1,20,0,0,80.0,4
,Franklin,2,1,50,0,0,1,50,0,0,50.0,1
,Fremont,1,0,0,1,100,1,100,0,0,0.0,
,Gem,3,1,33,1,33,2,67,0,0,33.3,1
,Gooding,3,0,0,2,67,2,67,0,0,33.3,1
,Idaho,6,1,17,1,17,2,33,0,0,66.7,4
,Jefferson,9,2,22,7,78,9,100,0,0,0.0,
,Jerome,11,4,36,4,36,8,73,0,0,27.3,3
,Kootenai,104,32,31,54,52,86,83,0,0,17.3,18
,Latah,7,1,14,5,71,6,86,0,0,14.3,1
,Lewis,2,0,0,1,50,1,50,0,0,50.0,1
,Madison,1,1,100,0,0,1,100,0,0,0.0,
,Minidoka,11,2,18,7,64,9,82,0,0,18.2,2
,Nez Perce,22,7,32,9,41,16,73,0,0,27.3,6
,Owyhee,5,2,40,2,40,4,80,0,0,20.0,1
,Payette,15,3,20,9,60,12,80,0,0,20.0,3
,Power,1,0,0,,0,0,,0,0,100.0,1
,Shoshone,10,1,10,6,60,7,70,0,0,30.0,3
,Teton,5,2,40,2,40,4,80,0,0,20.0,1
,Twin Falls,68,10,15,44,65,54,79,0,0,20.6,14
,Valley,4,1,25,1,25,2,50,0,0,50.0,2
,Washington,2,0,0,,0,0,,0,0,100.0,2
Illinois,,6474,1943,30,1404,22,3347,52,,85,48.3,3127
,Adams,3,0,0,,0,0,,0,0,100.0,3
,Alexander,2,0,0,1,50,1,50,0,0,50.0,1
,Boone,23,6,26,4,17,10,43,,1,56.5,13
,Bureau,5,2,40,0,0,2,40,0,0,60.0,3
,Calhoun,1,1,100,0,0,1,100,0,0,0.0,
,Carroll,2,1,50,0,0,1,50,0,0,50.0,1
,Cass,2,1,50,0,0,1,50,0,0,50.0,1
,Champaign,16,2,13,3,19,5,31,0,0,68.8,11
,Christian,11,1,9,2,18,3,27,0,0,72.7,8
,Clark,1,0,0,,0,0,,0,0,100.0,1
,Clinton,2,0,0,,0,0,,,1,100.0,2
,Coles,3,0,0,,0,0,,0,0,100.0,3
,Cook,3762,1227,33,919,24,2146,57,,51,43.0,1616
,Crawford,1,1,100,0,0,1,100,0,0,0.0,
,Cumberland,2,1,50,0,0,1,50,0,0,50.0,1
,De Kalb,5,2,40,0,0,2,40,0,0,60.0,3
,De Witt,2,0,0,,0,0,,0,0,100.0,2
,DeKalb,18,6,33,3,17,9,50,0,0,50.0,9
,Dewitt,1,1,100,0,0,1,100,0,0,0.0,
,Douglas,5,1,20,1,20,2,40,0,0,60.0,3
,DuPage,389,135,35,96,25,231,59,,1,40.6,158
,Edgar,4,0,0,1,25,1,25,0,0,75.0,3
,Ford,4,0,0,,0,0,,0,0,100.0,4
,Franklin,8,2,25,0,0,2,25,,1,75.0,6
,Fulton,3,1,33,0,0,1,33,0,0,66.7,2
,Gallatin,1,0,0,,0,0,,0,0,100.0,1
,Greene,1,0,0,,0,0,,0,0,100.0,1
,Grundy,14,6,43,5,36,11,79,0,0,21.4,3
,Hamilton,1,0,0,,0,0,,0,0,100.0,1
,Hancock,3,0,0,,0,0,,0,0,100.0,3
,Henderson,1,1,100,0,0,1,100,0,0,0.0,
,Henry,1,1,100,0,0,1,100,0,0,0.0,
,Iroquois,7,1,14,0,0,1,14,0,0,85.7,6
,Jackson,9,0,0,4,44,4,44,0,0,55.6,5
,Jefferson,5,3,60,0,0,3,60,0,0,40.0,2
,Jersey,4,0,0,,0,0,,0,0,100.0,4
,Jo Daviess,3,0,0,,0,0,,0,0,100.0,3
,Johnson,1,0,0,,0,0,,0,0,100.0,1
,Kane,286,97,34,48,17,145,51,,5,49.3,141
,Kankakee,23,4,17,3,13,7,30,,3,69.6,16
,Kendall,82,20,24,22,27,42,51,,5,48.8,40
,Knox,5,0,0,,0,0,,0,0,100.0,5
,La Salle,20,1,5,3,15,4,20,0,0,80.0,16
,Lake,395,104,26,77,19,181,46,,9,54.2,214
,Lasalle,5,1,20,0,0,1,20,0,0,80.0,4
,Lawrence,2,0,0,,0,0,,0,0,100.0,2
,Lee,3,0,0,,0,0,,0,0,100.0,3
,Livingston,7,1,14,1,14,2,29,0,0,71.4,5
,Logan,4,1,25,0,0,1,25,0,0,75.0,3
,Macon,18,0,0,1,6,1,6,,1,94.4,17
,Macoupin,14,2,14,5,36,7,50,0,0,50.0,7
,Madison,107,26,24,17,16,43,40,0,0,59.8,64
,Marion,5,0,0,,0,0,,0,0,100.0,5
,Marshall,3,0,0,,0,0,,0,0,100.0,3
,Massac,2,0,0,,0,0,,0,0,100.0,2
,Mc Lean,2,0,0,,0,0,,0,0,100.0,2
,Mcdonough,3,0,0,,0,0,,0,0,100.0,3
,Mchenry,247,62,25,55,22,117,47,,1,52.6,130
,Mclean,13,2,15,0,0,2,15,,1,84.6,11
,Menard,3,0,0,,0,0,,0,0,100.0,3
,Mercer,2,0,0,1,50,1,50,0,0,50.0,1
,Monroe,9,3,33,2,22,5,56,0,0,44.4,4
,Montgomery,5,1,20,2,40,3,60,0,0,40.0,2
,Morgan,1,0,0,,0,0,,0,0,100.0,1
,Ogle,13,2,15,1,8,3,23,0,0,76.9,10
,Peoria,30,2,7,5,17,7,23,0,0,76.7,23
,Perry,3,0,0,,0,0,,0,0,100.0,3
,Piatt,2,2,100,0,0,2,100,0,0,0.0,
,Pike,4,0,0,,0,0,,0,0,100.0,4
,Randolph,6,0,0,1,17,1,17,0,0,83.3,5
,Richland,3,1,33,0,0,1,33,0,0,66.7,2
,Rock Island,37,7,19,6,16,13,35,,1,64.9,24
,Saint Clair,113,23,20,11,10,34,30,,1,69.9,79
,Saline,2,0,0,,0,0,,0,0,100.0,2
,Sangamon,26,9,35,1,4,10,38,,1,61.5,16
,Schuyler,2,0,0,,0,0,,0,0,100.0,2
,Stephenson,5,1,20,0,0,1,20,0,0,80.0,4
,Tazewell,37,6,16,5,14,11,30,0,0,70.3,26
,Vermilion,10,1,10,1,10,2,20,0,0,80.0,8
,Warren,1,1,100,0,0,1,100,0,0,0.0,
,Washington,2,1,50,0,0,1,50,0,0,50.0,1
,Wayne,2,0,0,,0,0,,0,0,100.0,2
,White,1,0,0,,0,0,,0,0,100.0,1
,Whiteside,8,4,50,0,0,4,50,0,0,50.0,4
,Will,380,115,30,77,20,192,51,,1,49.5,188
,Williamson,8,2,25,1,13,3,38,0,0,62.5,5
,Winnebago,185,38,21,19,10,57,31,,1,69.2,128
,Woodford,2,0,0,,0,0,,0,0,100.0,2
Indiana,,1149,315,27,0,0,315,27,,64,72.6,834
,Adams,4,0,0,,0,0,,0,0,100.0,4
,Allen,80,26,33,0,0,26,33,,7,67.5,54
,Bartholomew,12,4,33,0,0,4,33,0,0,66.7,8
,Benton,1,0,0,,0,0,,0,0,100.0,1
,Blackford,1,1,100,0,0,1,100,0,0,0.0,
,Boone,4,3,75,0,0,3,75,0,0,25.0,1
,Brown,4,2,50,0,0,2,50,0,0,50.0,2
,Carroll,3,1,33,0,0,1,33,0,0,66.7,2
,Cass,7,2,29,0,0,2,29,0,0,71.4,5
,Clark,18,5,28,0,0,5,28,,1,72.2,13
,Clay,3,0,0,,0,0,,0,0,100.0,3
,Clinton,8,1,13,0,0,1,13,,1,87.5,7
,Crawford,2,0,0,,0,0,,0,0,100.0,2
,Daviess,4,1,25,0,0,1,25,0,0,75.0,3
,Dearborn,9,1,11,0,0,1,11,,2,88.9,8
,Decatur,2,0,0,,0,0,,0,0,100.0,2
,Dekalb,8,2,25,0,0,2,25,,1,75.0,6
,Delaware,24,4,17,0,0,4,17,0,0,83.3,20
,Dubois,1,1,100,0,0,1,100,0,0,0.0,
,Elkhart,17,5,29,0,0,5,29,,2,70.6,12
,Fayette,4,1,25,0,0,1,25,0,0,75.0,3
,Floyd,7,2,29,0,0,2,29,0,0,71.4,5
,Fountain,5,0,0,,0,0,,0,0,100.0,5
,Franklin,1,1,100,0,0,1,100,0,0,0.0,
,Fulton,2,0,0,,0,0,,0,0,100.0,2
,Gibson,5,0,0,,0,0,,,1,100.0,5
,Grant,17,2,12,0,0,2,12,0,0,88.2,15
,Greene,5,2,40,0,0,2,40,0,0,60.0,3
,Hamilton,24,5,21,0,0,5,21,,1,79.2,19
,Hancock,14,2,14,0,0,2,14,0,0,85.7,12
,Harrison,6,2,33,0,0,2,33,0,0,66.7,4
,Hendricks,22,10,45,0,0,10,45,,2,54.5,12
,Henry,7,2,29,0,0,2,29,0,0,71.4,5
,Howard,21,3,14,0,0,3,14,0,0,85.7,18
,Huntington,6,0,0,,0,0,,,1,100.0,6
,Jackson,11,7,64,0,0,7,64,0,0,36.4,4
,Jasper,5,1,20,0,0,1,20,0,0,80.0,4
,Jay,2,0,0,,0,0,,0,0,100.0,2
,Jennings,6,1,17,0,0,1,17,0,0,83.3,5
,Johnson,10,5,50,0,0,5,50,0,0,50.0,5
,Knox,6,2,33,0,0,2,33,0,0,66.7,4
,Kosciusko,11,1,9,0,0,1,9,0,0,90.9,10
,La Porte,1,0,0,,0,0,,0,0,100.0,1
,Lagrange,4,0,0,,0,0,,0,0,100.0,4
,Lake,135,46,34,0,0,46,34,0,0,65.9,89
,Laporte,21,3,14,0,0,3,14,,1,85.7,18
,Lawrence,6,2,33,0,0,2,33,0,0,66.7,4
,Madison,35,6,17,0,0,6,17,,1,82.9,29
,Marion,228,65,29,0,0,65,29,,23,71.5,163
,Marshall,1,0,0,,0,0,,0,0,100.0,1
,Miami,2,1,50,0,0,1,50,0,0,50.0,1
,Monroe,10,3,30,0,0,3,30,0,0,70.0,7
,Montgomery,5,1,20,0,0,1,20,0,0,80.0,4
,Morgan,14,5,36,0,0,5,36,,1,64.3,9
,Newton,5,1,20,0,0,1,20,0,0,80.0,4
,Noble,7,2,29,0,0,2,29,,1,71.4,5
,Ohio,2,0,0,,0,0,,0,0,100.0,2
,Orange,2,0,0,,0,0,,0,0,100.0,2
,Owen,4,2,50,0,0,2,50,0,0,50.0,2
,Parke,1,0,0,,0,0,,0,0,100.0,1
,Perry,3,0,0,,0,0,,0,0,100.0,3
,Pike,2,0,0,,0,0,,0,0,100.0,2
,Porter,35,11,31,0,0,11,31,0,0,68.6,24
,Posey,3,1,33,0,0,1,33,,1,66.7,2
,Pulaski,1,0,0,,0,0,,0,0,100.0,1
,Putnam,7,3,43,0,0,3,43,0,0,57.1,4
,Randolph,2,0,0,,0,0,,0,0,100.0,2
,Ripley,3,0,0,,0,0,,0,0,100.0,3
,Rush,8,4,50,0,0,4,50,0,0,50.0,4
,Saint Joseph,47,12,26,0,0,12,26,,1,74.5,35
,Scott,9,2,22,0,0,2,22,,4,77.8,7
,Shelby,6,1,17,0,0,1,17,0,0,83.3,5
,Spencer,3,2,67,0,0,2,67,0,0,33.3,1
,Starke,4,1,25,0,0,1,25,,1,75.0,3
,Steuben,7,4,57,0,0,4,57,,1,42.9,3
,Sullivan,1,0,0,,0,0,,0,0,100.0,1
,Switzerland,1,0,0,,0,0,,0,0,100.0,1
,Tippecanoe,19,6,32,0,0,6,32,,5,68.4,13
,Tipton,2,0,0,,0,0,,0,0,100.0,2
,Vanderburgh,37,9,24,0,0,9,24,,3,75.7,28
,Vermillion,2,0,0,,0,0,,0,0,100.0,2
,Vigo,19,3,16,0,0,3,16,0,0,84.2,16
,Wabash,6,3,50,0,0,3,50,0,0,50.0,3
,Warrick,6,0,0,,0,0,,0,0,100.0,6
,Washington,6,2,33,0,0,2,33,,1,66.7,4
,Wayne,10,1,10,0,0,1,10,,1,90.0,9
,Wells,2,1,50,0,0,1,50,0,0,50.0,1
,White,4,3,75,0,0,3,75,0,0,25.0,1
,Whitley,2,1,50,0,0,1,50,0,0,50.0,1
Iowa,,65,16,25,3,5,19,29,,14,70.8,46
,Boone,5,2,40,1,20,3,60,0,0,40.0,2
,Bremer,1,0,0,,0,0,,0,0,100.0,1
,Butler,2,1,50,0,0,1,50,0,0,50.0,1
,Calhoun,1,1,100,0,0,1,100,0,0,0.0,
,Cass,1,0,0,,0,0,,0,0,100.0,1
,Cerro Gordo,1,0,0,,0,0,,0,0,100.0,1
,Des Moines,3,0,0,,0,0,,0,0,100.0,3
,Franklin,1,0,0,,0,0,,0,0,100.0,1
,Grundy,2,1,50,0,0,1,50,0,0,50.0,1
,Humboldt,1,0,0,,0,0,,,1,100.0,1
,Jasper,3,0,0,,0,0,,,2,100.0,3
,Johnson,1,0,0,,0,0,,,1,100.0,1
,Jones,1,0,0,,0,0,,0,0,100.0,1
,Lee,1,1,100,0,0,1,100,0,0,0.0,
,Linn,8,3,38,1,13,4,50,,1,50.0,4
,Mahaska,2,0,0,,0,0,,,2,100.0,2
,Marion,1,0,0,,0,0,,,1,100.0,1
,Marshall,1,0,0,,0,0,,,1,100.0,1
,Mills,2,1,50,0,0,1,50,,1,50.0,1
,Montgomery,1,0,0,,0,0,,0,0,100.0,1
,Muscatine,2,0,0,,0,0,,,1,100.0,2
,Obrien,2,0,0,,0,0,,0,0,100.0,2
,Page,1,0,0,,0,0,,0,0,100.0,1
,Polk,4,2,50,0,0,2,50,0,0,50.0,2
,Scott,5,0,0,,0,0,,,2,100.0,5
,Story,2,1,50,0,0,1,50,0,0,50.0,1
,Wapello,3,1,33,0,0,1,33,,1,66.7,2
,Warren,1,0,0,,0,0,,0,0,100.0,1
,Washington,1,1,100,0,0,1,100,0,0,0.0,
,Webster,2,0,0,,0,0,,0,0,100.0,2
,Winnebago,1,1,100,0,0,1,100,0,0,0.0,
,Woodbury,2,0,0,1,50,1,50,0,0,50.0,1
Kansas,,154,55,36,2,1,57,37,,7,63.0,97
,Allen,4,0,0,,0,0,,,1,100.0,4
,Atchison,1,1,100,0,0,1,100,0,0,0.0,
,Barton,1,1,100,0,0,1,100,0,0,0.0,
,Butler,4,0,0,,0,0,,0,0,100.0,4
,Cherokee,1,0,0,,0,0,,,1,100.0,1
,Cowley,2,1,50,0,0,1,50,0,0,50.0,1
,Crawford,7,5,71,0,0,5,71,0,0,28.6,2
,Dickinson,6,3,50,0,0,3,50,0,0,50.0,3
,Doniphan,1,1,100,0,0,1,100,0,0,0.0,
,Douglas,3,1,33,0,0,1,33,0,0,66.7,2
,Ford,2,1,50,0,0,1,50,0,0,50.0,1
,Franklin,4,1,25,0,0,1,25,0,0,75.0,3
,Geary,14,7,50,0,0,7,50,,1,50.0,7
,Grant,1,0,0,,0,0,,0,0,100.0,1
,Harvey,2,0,0,,0,0,,0,0,100.0,2
,Johnson,12,2,17,0,0,2,17,0,0,83.3,10
,Leavenworth,11,2,18,1,9,3,27,0,0,72.7,8
,Linn,1,0,0,,0,0,,0,0,100.0,1
,Logan,1,0,0,,0,0,,0,0,100.0,1
,McPHERSON,3,2,67,0,0,2,67,0,0,33.3,1
,Meade,1,0,0,,0,0,,0,0,100.0,1
,Miami,1,0,0,,0,0,,0,0,100.0,1
,Montgomery,7,1,14,0,0,1,14,0,0,85.7,6
,Nemaha,1,0,0,,0,0,,0,0,100.0,1
,Neosho,1,0,0,,0,0,,0,0,100.0,1
,Osage,2,0,0,,0,0,,0,0,100.0,2
,Reno,1,1,100,0,0,1,100,0,0,0.0,
,Rice,1,1,100,0,0,1,100,0,0,0.0,
,Riley,1,0,0,,0,0,,0,0,100.0,1
,Saline,4,1,25,0,0,1,25,0,0,75.0,3
,Sedgwick,24,11,46,1,4,12,50,,1,50.0,12
,Shawnee,16,5,31,0,0,5,31,,2,68.8,11
,Sherman,1,1,100,0,0,1,100,0,0,0.0,
,Wabaunsee,1,0,0,,0,0,,0,0,100.0,1
,Wyandotte,11,6,55,0,0,6,55,,1,45.5,5
Kentucky,,117,33,28,0,0,33,28,,11,71.8,84
,Allen,1,0,0,,0,0,,,1,100.0,1
,Boone,6,3,50,0,0,3,50,0,0,50.0,3
,Boyd,2,0,0,,0,0,,0,0,100.0,2
,Boyle,1,0,0,,0,0,,0,0,100.0,1
,Bullitt,3,1,33,0,0,1,33,0,0,66.7,2
,Calloway,2,1,50,0,0,1,50,0,0,50.0,1
,Campbell,3,0,0,,0,0,,0,0,100.0,3
,Carroll,1,1,100,0,0,1,100,0,0,0.0,
,Christian,14,4,29,0,0,4,29,0,0,71.4,10
,Fayette,2,1,50,0,0,1,50,0,0,50.0,1
,Gallatin,1,0,0,,0,0,,,1,100.0,1
,Graves,1,0,0,,0,0,,0,0,100.0,1
,Grayson,1,0,0,,0,0,,0,0,100.0,1
,Hancock,1,1,100,0,0,1,100,0,0,0.0,
,Hardin,10,2,20,0,0,2,20,,3,80.0,8
,Harlan,1,0,0,,0,0,,0,0,100.0,1
,Henry,1,0,0,,0,0,,0,0,100.0,1
,Hopkins,3,1,33,0,0,1,33,0,0,66.7,2
,Jefferson,28,8,29,0,0,8,29,,3,71.4,20
,Kenton,9,4,44,0,0,4,44,0,0,55.6,5
,Laurel,3,0,0,,0,0,,0,0,100.0,3
,Madison,5,1,20,0,0,1,20,0,0,80.0,4
,Martin,1,0,0,,0,0,,0,0,100.0,1
,Mason,1,0,0,,0,0,,0,0,100.0,1
,McCracken,5,2,40,0,0,2,40,,1,60.0,3
,Meade,1,0,0,,0,0,,0,0,100.0,1
,Montgomery,1,0,0,,0,0,,,1,100.0,1
,Pike,3,1,33,0,0,1,33,0,0,66.7,2
,Powell,1,1,100,0,0,1,100,0,0,0.0,
,Scott,1,0,0,,0,0,,0,0,100.0,1
,Warren,1,0,0,,0,0,,,1,100.0,1
,Washington,1,1,100,0,0,1,100,0,0,0.0,
,Whitley,1,0,0,,0,0,,0,0,100.0,1
,Woodford,1,0,0,,0,0,,0,0,100.0,1
Louisiana,,231,112,48,4,2,116,50,,6,49.8,115
,Acadia,1,0,0,,0,0,,0,0,100.0,1
,Ascension,8,5,63,0,0,5,63,0,0,37.5,3
,Assumption,1,0,0,,0,0,,0,0,100.0,1
,Avoyelles,1,0,0,,0,0,,0,0,100.0,1
,Beauregard,5,2,40,0,0,2,40,0,0,60.0,3
,Bienville,1,0,0,,0,0,,0,0,100.0,1
,Bossier,10,4,40,0,0,4,40,0,0,60.0,6
,Caddo,16,10,63,0,0,10,63,0,0,37.5,6
,Calcasieu,8,3,38,0,0,3,38,,1,62.5,5
,East Baton Rouge,29,13,45,1,3,14,48,0,0,51.7,15
,East Carroll,1,0,0,,0,0,,0,0,100.0,1
,Evangeline,2,1,50,0,0,1,50,0,0,50.0,1
,Franklin,1,0,0,,0,0,,0,0,100.0,1
,Iberia,1,0,0,,0,0,,0,0,100.0,1
,Jefferson,18,11,61,0,0,11,61,,2,38.9,7
,La Salle,1,1,100,0,0,1,100,0,0,0.0,
,Lafayette,6,1,17,0,0,1,17,0,0,83.3,5
,Lafourche,2,1,50,0,0,1,50,0,0,50.0,1
,Livingston,13,5,38,0,0,5,38,0,0,61.5,8
,Morehouse,6,3,50,0,0,3,50,0,0,50.0,3
,Natchitoches,2,1,50,0,0,1,50,0,0,50.0,1
,Orleans,12,9,75,0,0,9,75,0,0,25.0,3
,Ouachita,8,2,25,0,0,2,25,,1,75.0,6
,Plaquemines,1,1,100,0,0,1,100,0,0,0.0,
,Rapides,6,4,67,0,0,4,67,0,0,33.3,2
,Richland,3,2,67,0,0,2,67,0,0,33.3,1
,Saint Bernard,5,3,60,0,0,3,60,,1,40.0,2
,Saint John The Baptist,4,2,50,0,0,2,50,,1,50.0,2
,Saint Landry,5,1,20,1,20,2,40,0,0,60.0,3
,Saint Martin,5,3,60,0,0,3,60,0,0,40.0,2
,Saint Mary,2,0,0,,0,0,,0,0,100.0,2
,Saint Tammany,18,12,67,1,6,13,72,0,0,27.8,5
,Tangipahoa,8,3,38,1,13,4,50,0,0,50.0,4
,Terrebonne,3,1,33,0,0,1,33,0,0,66.7,2
,Union,2,1,50,0,0,1,50,0,0,50.0,1
,Vermilion,6,1,17,0,0,1,17,0,0,83.3,5
,Vernon,4,4,100,0,0,4,100,0,0,0.0,
,Washington,3,1,33,0,0,1,33,0,0,66.7,2
,Webster,1,0,0,,0,0,,0,0,100.0,1
,West Carroll,1,0,0,,0,0,,0,0,100.0,1
,West Feliciana,1,1,100,0,0,1,100,0,0,0.0,
Maine,,31,3,10,7,23,10,32,,9,67.7,21
,Androscoggin,4,0,0,1,25,1,25,0,0,75.0,3
,Cumberland,3,1,33,0,0,1,33,,2,66.7,2
,Hancock,1,0,0,,0,0,,0,0,100.0,1
,Kennebec,1,0,0,,0,0,,,1,100.0,1
,Knox,1,0,0,,0,0,,,1,100.0,1
,Lincoln,1,0,0,,0,0,,0,0,100.0,1
,Oxford,1,1,100,0,0,1,100,0,0,0.0,
,Penobscot,10,1,10,5,50,6,60,,2,40.0,4
,Piscataquis,2,0,0,1,50,1,50,0,0,50.0,1
,Sagadahoc,1,0,0,,0,0,,0,0,100.0,1
,Somerset,1,0,0,,0,0,,0,0,100.0,1
,York,5,0,0,,0,0,,,3,100.0,5
Maryland,,1340,528,39,12,1,540,40,,55,59.7,800
,Allegany,14,6,43,0,0,6,43,0,0,57.1,8
,Anne Arundel,120,47,39,0,0,47,39,,4,60.8,73
,Baltimore,172,78,45,2,1,80,47,,4,53.5,92
,Baltimore City,179,57,32,3,2,60,34,,8,66.5,119
,Calvert,15,4,27,0,0,4,27,,2,73.3,11
,Caroline,18,4,22,0,0,4,22,,2,77.8,14
,Carroll,38,15,39,0,0,15,39,,4,60.5,23
,Cecil,20,5,25,1,5,6,30,0,0,70.0,14
,Charles,60,21,35,0,0,21,35,,1,65.0,39
,Dorchester,7,3,43,1,14,4,57,0,0,42.9,3
,Frederick,55,26,47,0,0,26,47,,5,52.7,29
,Garrett,1,0,0,,0,0,,0,0,100.0,1
,Harford,58,20,34,1,2,21,36,0,0,63.8,37
,Howard,34,13,38,1,3,14,41,,2,58.8,20
,Kent,1,0,0,,0,0,,0,0,100.0,1
,Montgomery,127,54,43,0,0,54,43,,10,57.5,73
,Prince Georges,284,134,47,3,1,137,48,,7,51.8,147
,Queen Anne,1,0,0,,0,0,,0,0,100.0,1
,Queen Annes,9,6,67,0,0,6,67,0,0,33.3,3
,Saint Mary,1,1,100,0,0,1,100,0,0,0.0,
,Saint Marys,24,7,29,0,0,7,29,,1,70.8,17
,Somerset,2,0,0,,0,0,,0,0,100.0,2
,Talbot,15,4,27,0,0,4,27,0,0,73.3,11
,Washington,31,7,23,0,0,7,23,,4,77.4,24
,Wicomico,27,9,33,0,0,9,33,0,0,66.7,18
,Worcester,27,7,26,0,0,7,26,,1,74.1,20
Massachusetts,,123,23,19,16,13,39,32,,19,68.3,84
,Barnstable,11,4,36,1,9,5,45,0,0,54.5,6
,Bristol,22,2,9,2,9,4,18,,4,81.8,18
,Essex,8,1,13,0,0,1,13,,2,87.5,7
,Franklin,1,0,0,,0,0,,0,0,100.0,1
,Hampden,15,2,13,3,20,5,33,,2,66.7,10
,Hampshire,5,0,0,1,20,1,20,,2,80.0,4
,Middlesex,6,1,17,1,17,2,33,0,0,66.7,4
,Norfolk,9,3,33,3,33,6,67,,1,33.3,3
,Plymouth,16,4,25,1,6,5,31,,1,68.8,11
,Suffolk,4,2,50,1,25,3,75,0,0,25.0,1
,Worcester,26,4,15,3,12,7,27,,7,73.1,19
Michigan,,14263,1140,8,10912,77,12052,84,,145,15.5,2211
,Alcona,20,3,15,12,60,15,75,,1,25.0,5
,Alger,11,1,9,7,64,8,73,0,0,27.3,3
,Allegan,98,13,13,70,71,83,85,0,0,15.3,15
,Alpena,20,3,15,14,70,17,85,0,0,15.0,3
,Antrim,42,3,7,29,69,32,76,0,0,23.8,10
,Arenac,9,1,11,5,56,6,67,0,0,33.3,3
,Barry,96,10,10,72,75,82,85,0,0,14.6,14
,Bay,182,9,5,149,82,158,87,0,0,13.2,24
,Benzie,20,4,20,15,75,19,95,0,0,5.0,1
,Berrien,251,11,4,205,82,216,86,0,0,13.9,35
,Branch,29,2,7,24,83,26,90,0,0,10.3,3
,Calhoun,211,16,8,157,74,173,82,0,0,18.0,38
,Cass,54,7,13,42,78,49,91,,1,9.3,5
,Charlevoix,60,5,8,50,83,55,92,0,0,8.3,5
,Cheboygan,34,3,9,23,68,26,76,,1,23.5,8
,Chippewa,68,3,4,57,84,60,88,0,0,11.8,8
,Clare,27,5,19,12,44,17,63,,1,37.0,10
,Clinton,77,6,8,57,74,63,82,,2,18.2,14
,Crawford,10,3,30,4,40,7,70,0,0,30.0,3
,Delta,12,1,8,11,92,12,100,0,0,0.0,
,Dickinson,9,1,11,4,44,5,56,,1,44.4,4
,Eaton,130,14,11,89,68,103,79,0,0,20.8,27
,Emmet,40,5,13,26,65,31,78,,1,22.5,9
,Genesee,1038,58,6,797,77,855,82,,32,17.6,183
,Gladwin,41,3,7,30,73,33,80,0,0,19.5,8
,Gogebic,21,1,5,16,76,17,81,0,0,19.0,4
,Grand Traverse,98,10,10,79,81,89,91,,5,9.2,9
,Gratiot,26,0,0,18,69,18,69,0,0,30.8,8
,Hillsdale,42,5,12,34,81,39,93,0,0,7.1,3
,Houghton,12,4,33,5,42,9,75,0,0,25.0,3
,Huron,7,2,29,0,0,2,29,0,0,71.4,5
,Ingham,567,28,5,446,79,474,84,0,0,16.4,93
,Ionia,70,10,14,50,71,60,86,0,0,14.3,10
,Iosco,37,1,3,29,78,30,81,0,0,18.9,7
,Iron,4,0,0,2,50,2,50,0,0,50.0,2
,Isabella,30,2,7,22,73,24,80,0,0,20.0,6
,Jackson,253,24,9,161,64,185,73,,7,26.9,68
,Kalamazoo,297,27,9,228,77,255,86,0,0,14.1,42
,Kalkaska,24,3,13,18,75,21,88,0,0,12.5,3
,Kent,624,66,11,474,76,540,87,,17,13.5,84
,Lake,8,1,13,5,63,6,75,0,0,25.0,2
,Lapeer,144,7,5,117,81,124,86,,8,13.9,20
,Leelanau,51,3,6,47,92,50,98,0,0,2.0,1
,Lenawee,81,9,11,56,69,65,80,0,0,19.8,16
,Livingston,219,23,11,155,71,178,81,,6,18.7,41
,Luce,15,1,7,13,87,14,93,0,0,6.7,1
,Mackinac,7,1,14,1,14,2,29,0,0,71.4,5
,Macomb,1614,117,7,1311,81,1428,88,,2,11.5,186
,Manistee,10,1,10,5,50,6,60,0,0,40.0,4
,Marquette,19,1,5,8,42,9,47,0,0,52.6,10
,Mason,43,4,9,34,79,38,88,0,0,11.6,5
,Mecosta,36,3,8,18,50,21,58,0,0,41.7,15
,Menominee,10,2,20,4,40,6,60,0,0,40.0,4
,Midland,89,6,7,65,73,71,80,,4,20.2,18
,Missaukee,13,5,38,5,38,10,77,0,0,23.1,3
,Monroe,167,17,10,118,71,135,81,0,0,19.2,32
,Montcalm,73,3,4,56,77,59,81,0,0,19.2,14
,Muskegon,177,14,8,125,71,139,79,0,0,21.5,38
,Newaygo,45,4,9,35,78,39,87,,2,13.3,6
,Oakland,1723,161,9,1304,76,1465,85,,42,15.0,258
,Oceana,17,0,0,10,59,10,59,0,0,41.2,7
,Ogemaw,35,3,9,27,77,30,86,0,0,14.3,5
,Ontonagon,2,1,50,1,50,2,100,0,0,0.0,
,Osceola,9,2,22,3,33,5,56,0,0,44.4,4
,Oscoda,7,0,0,4,57,4,57,0,0,42.9,3
,Otsego,16,3,19,7,44,10,63,0,0,37.5,6
,Ottawa,159,22,14,119,75,141,89,0,0,11.3,18
,Presque Isle,32,0,0,30,94,30,94,0,0,6.3,2
,Roscommon,20,1,5,6,30,7,35,0,0,65.0,13
,Saginaw,301,20,7,222,74,242,80,,1,19.6,59
,Saint Clair,352,27,8,273,78,300,85,0,0,14.8,52
,Saint Joseph,28,6,21,13,46,19,68,,1,32.1,9
,Sanilac,79,6,8,68,86,74,94,0,0,6.3,5
,Schoolcraft,6,2,33,2,33,4,67,0,0,33.3,2
,Shiawassee,141,6,4,108,77,114,81,,5,19.1,27
,Tuscola,77,6,8,63,82,69,90,0,0,10.4,8
,Van Buren,138,8,6,120,87,128,93,0,0,7.2,10
,Washtenaw,349,34,10,265,76,299,86,0,0,14.3,50
,Wayne,3192,234,7,2497,78,2731,86,,5,14.4,461
,Wexford,58,3,5,49,84,52,90,0,0,10.3,6
Minnesota,,1530,452,30,416,27,868,57,,74,43.3,662
,Aitkin,5,3,60,1,20,4,80,0,0,20.0,1
,Anoka,105,31,30,25,24,56,53,,8,46.7,49
,Becker,5,3,60,1,20,4,80,0,0,20.0,1
,Beltrami,7,1,14,1,14,2,29,,1,71.4,5
,Benton,12,4,33,3,25,7,58,,3,41.7,5
,Big Stone,2,1,50,0,0,1,50,0,0,50.0,1
,Blue Earth,14,3,21,5,36,8,57,,1,42.9,6
,Brown,2,2,100,0,0,2,100,0,0,0.0,
,Carlton,13,5,38,3,23,8,62,0,0,38.5,5
,Carver,29,10,34,8,28,18,62,,2,37.9,11
,Cass,4,0,0,,0,0,,0,0,100.0,4
,Chisago,30,11,37,9,30,20,67,,1,33.3,10
,Clay,1,1,100,0,0,1,100,0,0,0.0,
,Clearwater,2,0,0,,0,0,,0,0,100.0,2
,Cook,1,0,0,,0,0,,0,0,100.0,1
,Cottonwood,2,0,0,1,50,1,50,0,0,50.0,1
,Crow Wing,31,4,13,14,45,18,58,0,0,41.9,13
,Dakota,117,31,26,37,32,68,58,,2,41.9,49
,Dodge,6,0,0,1,17,1,17,0,0,83.3,5
,Douglas,8,2,25,3,38,5,63,0,0,37.5,3
,Faribault,4,0,0,1,25,1,25,0,0,75.0,3
,Fillmore,4,2,50,1,25,3,75,0,0,25.0,1
,Freeborn,12,2,17,2,17,4,33,,2,66.7,8
,Goodhue,26,6,23,4,15,10,38,,2,61.5,16
,Grant,3,0,0,1,33,1,33,,1,66.7,2
,Hennepin,372,113,30,125,34,238,64,,9,36.0,134
,Houston,1,1,100,0,0,1,100,0,0,0.0,
,Hubbard,2,1,50,0,0,1,50,0,0,50.0,1
,Isanti,18,4,22,1,6,5,28,0,0,72.2,13
,Itasca,12,1,8,5,42,6,50,,2,50.0,6
,Jackson,1,1,100,0,0,1,100,0,0,0.0,
,Kanabec,9,3,33,4,44,7,78,,1,22.2,2
,Kandiyohi,5,3,60,1,20,4,80,0,0,20.0,1
,Koochiching,1,1,100,0,0,1,100,0,0,0.0,
,Lac Qui Parle,1,1,100,0,0,1,100,0,0,0.0,
,Lake,8,1,13,4,50,5,63,,1,37.5,3
,Le Sueur,10,5,50,1,10,6,60,0,0,40.0,4
,Lincoln,1,1,100,0,0,1,100,0,0,0.0,
,Lyon,2,2,100,0,0,2,100,0,0,0.0,
,Marshall,2,0,0,,0,0,,0,0,100.0,2
,Mcleod,6,1,17,2,33,3,50,0,0,50.0,3
,Meeker,4,1,25,1,25,2,50,0,0,50.0,2
,Mille Lacs,16,5,31,3,19,8,50,0,0,50.0,8
,Morrison,8,1,13,2,25,3,38,,1,62.5,5
,Mower,5,0,0,,0,0,,0,0,100.0,5
,Murray,2,0,0,1,50,1,50,0,0,50.0,1
,Nicollet,7,2,29,1,14,3,43,,1,57.1,4
,Nobles,11,4,36,3,27,7,64,,1,36.4,4
,Norman,1,1,100,0,0,1,100,0,0,0.0,
,Olmsted,18,8,44,6,33,14,78,0,0,22.2,4
,Otter Tail,20,6,30,4,20,10,50,,2,50.0,10
,Pennington,4,3,75,1,25,4,100,0,0,0.0,
,Pine,14,1,7,6,43,7,50,,1,50.0,7
,Pipestone,1,0,0,,0,0,,0,0,100.0,1
,Polk,5,1,20,1,20,2,40,,1,60.0,3
,Pope,2,1,50,1,50,2,100,0,0,0.0,
,Ramsey,156,40,26,51,33,91,58,,8,41.7,65
,Redwood,3,1,33,0,0,1,33,0,0,66.7,2
,Renville,1,0,0,,0,0,,0,0,100.0,1
,Rice,14,5,36,2,14,7,50,,2,50.0,7
,Rock,1,0,0,1,100,1,100,0,0,0.0,
,Roseau,6,3,50,2,33,5,83,,1,16.7,1
,Saint Louis,81,21,26,14,17,35,43,,6,56.8,46
,Scott,37,13,35,9,24,22,59,,2,40.5,15
,Sherburne,24,6,25,6,25,12,50,,1,50.0,12
,Sibley,7,4,57,1,14,5,71,,1,28.6,2
,Stearns,33,16,48,4,12,20,61,,1,39.4,13
,Steele,13,1,8,3,23,4,31,0,0,69.2,9
,Swift,2,0,0,,0,0,,0,0,100.0,2
,Todd,4,0,0,,0,0,,0,0,100.0,4
,Wadena,4,1,25,0,0,1,25,0,0,75.0,3
,Waseca,2,2,100,0,0,2,100,0,0,0.0,
,Washington,82,27,33,23,28,50,61,,6,39.0,32
,Watonwan,2,0,0,,0,0,,,1,100.0,2
,Winona,5,2,40,0,0,2,40,0,0,60.0,3
,Wright,39,15,38,6,15,21,54,,2,46.2,18
Mississippi,,1210,549,45,1,0,550,45,0,0,54.5,660
,Adams,3,2,67,0,0,2,67,0,0,33.3,1
,Alcorn,7,4,57,0,0,4,57,0,0,42.9,3
,Attala,6,4,67,0,0,4,67,0,0,33.3,2
,Benton,4,3,75,0,0,3,75,0,0,25.0,1
,Carroll,4,2,50,0,0,2,50,0,0,50.0,2
,Chickasaw,5,2,40,0,0,2,40,0,0,60.0,3
,Choctaw,2,1,50,0,0,1,50,0,0,50.0,1
,Clarke,1,0,0,,0,0,,0,0,100.0,1
,Clay,5,2,40,0,0,2,40,0,0,60.0,3
,Coahoma,7,4,57,0,0,4,57,0,0,42.9,3
,Copiah,19,11,58,0,0,11,58,0,0,42.1,8
,Covington,5,2,40,0,0,2,40,0,0,60.0,3
,Desoto,195,79,41,1,1,80,41,0,0,59.0,115
,Forrest,21,11,52,0,0,11,52,0,0,47.6,10
,Franklin,3,2,67,0,0,2,67,0,0,33.3,1
,George,3,1,33,0,0,1,33,0,0,66.7,2
,Greene,1,1,100,0,0,1,100,0,0,0.0,
,Grenada,5,1,20,0,0,1,20,0,0,80.0,4
,Hancock,26,9,35,0,0,9,35,0,0,65.4,17
,Harrison,118,48,41,0,0,48,41,0,0,59.3,70
,Hinds,189,91,48,0,0,91,48,0,0,51.9,98
,Holmes,2,2,100,0,0,2,100,0,0,0.0,
,Humphreys,1,1,100,0,0,1,100,0,0,0.0,
,Itawamba,5,0,0,,0,0,,0,0,100.0,5
,Jackson,66,25,38,0,0,25,38,0,0,62.1,41
,Jasper,1,0,0,,0,0,,0,0,100.0,1
,Jefferson,1,1,100,0,0,1,100,0,0,0.0,
,Jefferson Davis,1,0,0,,0,0,,0,0,100.0,1
,Jones,16,6,38,0,0,6,38,0,0,62.5,10
,Lafayette,7,5,71,0,0,5,71,0,0,28.6,2
,Lamar,24,6,25,0,0,6,25,0,0,75.0,18
,Lauderdale,30,12,40,0,0,12,40,0,0,60.0,18
,Lawrence,3,2,67,0,0,2,67,0,0,33.3,1
,Leake,6,4,67,0,0,4,67,0,0,33.3,2
,Lee,50,19,38,0,0,19,38,0,0,62.0,31
,Leflore,7,6,86,0,0,6,86,0,0,14.3,1
,Lincoln,7,2,29,0,0,2,29,0,0,71.4,5
,Lowndes,16,8,50,0,0,8,50,0,0,50.0,8
,Madison,54,30,56,0,0,30,56,0,0,44.4,24
,Marion,4,1,25,0,0,1,25,0,0,75.0,3
,Marshall,11,7,64,0,0,7,64,0,0,36.4,4
,Monroe,9,3,33,0,0,3,33,0,0,66.7,6
,Montgomery,4,0,0,,0,0,,0,0,100.0,4
,Neshoba,6,3,50,0,0,3,50,0,0,50.0,3
,Newton,4,0,0,,0,0,,0,0,100.0,4
,Oktibbeha,2,1,50,0,0,1,50,0,0,50.0,1
,Panola,7,3,43,0,0,3,43,0,0,57.1,4
,Pearl River,22,12,55,0,0,12,55,0,0,45.5,10
,Perry,1,0,0,,0,0,,0,0,100.0,1
,Pike,18,10,56,0,0,10,56,0,0,44.4,8
,Pontotoc,9,6,67,0,0,6,67,0,0,33.3,3
,Prentiss,5,1,20,0,0,1,20,0,0,80.0,4
,Quitman,1,0,0,,0,0,,0,0,100.0,1
,Rankin,80,44,55,0,0,44,55,0,0,45.0,36
,Scott,2,1,50,0,0,1,50,0,0,50.0,1
,Simpson,3,2,67,0,0,2,67,0,0,33.3,1
,Stone,5,1,20,0,0,1,20,0,0,80.0,4
,Sunflower,2,1,50,0,0,1,50,0,0,50.0,1
,Tallahatchie,1,0,0,,0,0,,0,0,100.0,1
,Tate,10,7,70,0,0,7,70,0,0,30.0,3
,Tishomingo,6,2,33,0,0,2,33,0,0,66.7,4
,Union,6,3,50,0,0,3,50,0,0,50.0,3
,Walthall,3,1,33,0,0,1,33,0,0,66.7,2
,Warren,35,17,49,0,0,17,49,0,0,51.4,18
,Washington,15,9,60,0,0,9,60,0,0,40.0,6
,Webster,1,0,0,,0,0,,0,0,100.0,1
,Wilkinson,2,2,100,0,0,2,100,0,0,0.0,
,Winston,4,1,25,0,0,1,25,0,0,75.0,3
,Yalobusha,3,1,33,0,0,1,33,0,0,66.7,2
,Yazoo,3,1,33,0,0,1,33,0,0,66.7,2
Missouri,,4763,1938,41,308,6,2246,47,0,0,52.8,2517
,Adair,5,0,0,1,20,1,20,0,0,80.0,4
,Andrew,12,6,50,2,17,8,67,0,0,33.3,4
,Atchison,1,0,0,,0,0,,0,0,100.0,1
,Audrain,13,5,38,1,8,6,46,0,0,53.8,7
,Barry,20,7,35,0,0,7,35,0,0,65.0,13
,Barton,6,3,50,0,0,3,50,0,0,50.0,3
,Bates,12,6,50,0,0,6,50,0,0,50.0,6
,Benton,7,2,29,0,0,2,29,0,0,71.4,5
,Bollinger,5,2,40,1,20,3,60,0,0,40.0,2
,Boone,52,21,40,1,2,22,42,0,0,57.7,30
,Buchanan,103,35,34,6,6,41,40,0,0,60.2,62
,Butler,15,6,40,1,7,7,47,0,0,53.3,8
,Caldwell,1,0,0,,0,0,,0,0,100.0,1
,Callaway,18,4,22,2,11,6,33,0,0,66.7,12
,Camden,51,18,35,5,10,23,45,0,0,54.9,28
,Cape Girardeau,29,14,48,1,3,15,52,0,0,48.3,14
,Carroll,2,0,0,1,50,1,50,0,0,50.0,1
,Carter,4,3,75,0,0,3,75,0,0,25.0,1
,Cass,108,45,42,7,6,52,48,0,0,51.9,56
,Cedar,12,5,42,1,8,6,50,0,0,50.0,6
,Christian,64,18,28,5,8,23,36,0,0,64.1,41
,Clark,1,1,100,0,0,1,100,0,0,0.0,
,Clay,229,90,39,12,5,102,45,0,0,55.5,127
,Clinton,8,2,25,1,13,3,38,0,0,62.5,5
,Cole,25,14,56,0,0,14,56,0,0,44.0,11
,Cooper,5,2,40,0,0,2,40,0,0,60.0,3
,Crawford,22,11,50,2,9,13,59,0,0,40.9,9
,Dade,8,3,38,1,13,4,50,0,0,50.0,4
,Dallas,3,0,0,,0,0,,0,0,100.0,3
,Daviess,1,1,100,0,0,1,100,0,0,0.0,
,De Kalb,1,1,100,0,0,1,100,0,0,0.0,
,Dekalb,1,0,0,,0,0,,0,0,100.0,1
,Dent,5,2,40,1,20,3,60,0,0,40.0,2
,Douglas,3,1,33,1,33,2,67,0,0,33.3,1
,Dunklin,11,2,18,2,18,4,36,0,0,63.6,7
,Franklin,53,17,32,0,0,17,32,0,0,67.9,36
,Gasconade,4,1,25,1,25,2,50,0,0,50.0,2
,Gentry,3,1,33,1,33,2,67,0,0,33.3,1
,Greene,178,68,38,9,5,77,43,0,0,56.7,101
,Grundy,2,0,0,,0,0,,0,0,100.0,2
,Harrison,2,0,0,,0,0,,0,0,100.0,2
,Henry,10,2,20,0,0,2,20,0,0,80.0,8
,Hickory,9,2,22,0,0,2,22,0,0,77.8,7
,Holt,1,0,0,,0,0,,0,0,100.0,1
,Howard,1,1,100,0,0,1,100,0,0,0.0,
,Howell,16,3,19,3,19,6,38,0,0,62.5,10
,Iron,6,2,33,0,0,2,33,0,0,66.7,4
,Jackson,748,291,39,56,7,347,46,0,0,53.6,401
,Jasper,82,31,38,4,5,35,43,0,0,57.3,47
,Jefferson,277,117,42,16,6,133,48,0,0,52.0,144
,Johnson,33,8,24,1,3,9,27,0,0,72.7,24
,Laclede,20,8,40,2,10,10,50,0,0,50.0,10
,Lafayette,27,12,44,1,4,13,48,0,0,51.9,14
,Lawrence,22,6,27,0,0,6,27,0,0,72.7,16
,Lincoln,49,18,37,3,6,21,43,0,0,57.1,28
,Linn,4,1,25,0,0,1,25,0,0,75.0,3
,Livingston,6,0,0,1,17,1,17,0,0,83.3,5
,Macon,8,1,13,1,13,2,25,0,0,75.0,6
,Madison,6,2,33,1,17,3,50,0,0,50.0,3
,Maries,1,1,100,0,0,1,100,0,0,0.0,
,Marion,13,7,54,2,15,9,69,0,0,30.8,4
,Mc Donald,2,1,50,0,0,1,50,0,0,50.0,1
,McDonald,12,7,58,1,8,8,67,0,0,33.3,4
,Miller,13,4,31,2,15,6,46,0,0,53.8,7
,Mississippi,3,2,67,0,0,2,67,0,0,33.3,1
,Moniteau,6,4,67,0,0,4,67,0,0,33.3,2
,Monroe,3,3,100,0,0,3,100,0,0,0.0,
,Montgomery,7,1,14,1,14,2,29,0,0,71.4,5
,Morgan,17,7,41,1,6,8,47,0,0,52.9,9
,New Madrid,2,0,0,,0,0,,0,0,100.0,2
,Newton,21,8,38,0,0,8,38,0,0,61.9,13
,Nodaway,18,6,33,3,17,9,50,0,0,50.0,9
,Oregon,5,2,40,0,0,2,40,0,0,60.0,3
,Osage,4,3,75,0,0,3,75,0,0,25.0,1
,Ozark,2,1,50,0,0,1,50,0,0,50.0,1
,Pemiscot,5,2,40,0,0,2,40,0,0,60.0,3
,Perry,11,5,45,0,0,5,45,0,0,54.5,6
,Pettis,23,9,39,1,4,10,43,0,0,56.5,13
,Phelps,16,7,44,2,13,9,56,0,0,43.8,7
,Pike,3,2,67,0,0,2,67,0,0,33.3,1
,Platte,63,30,48,3,5,33,52,0,0,47.6,30
,Polk,23,11,48,2,9,13,57,0,0,43.5,10
,Pulaski,26,8,31,2,8,10,38,0,0,61.5,16
,Ralls,3,2,67,0,0,2,67,0,0,33.3,1
,Randolph,13,4,31,2,15,6,46,0,0,53.8,7
,Ray,25,11,44,0,0,11,44,0,0,56.0,14
,Ripley,2,0,0,,0,0,,0,0,100.0,2
,Saint Charles,291,157,54,25,9,182,63,0,0,37.5,109
,Saint Clair,7,4,57,1,14,5,71,0,0,28.6,2
,Saint Francois,32,11,34,1,3,12,38,0,0,62.5,20
,Saint Louis,1098,477,43,71,6,548,50,0,0,50.1,550
,Saint Louis City,346,138,40,19,5,157,45,0,0,54.6,189
,Sainte Genevieve,13,3,23,0,0,3,23,0,0,76.9,10
,Saline,9,5,56,1,11,6,67,0,0,33.3,3
,Schuyler,3,2,67,0,0,2,67,0,0,33.3,1
,Scotland,1,1,100,0,0,1,100,0,0,0.0,
,Scott,18,6,33,1,6,7,39,0,0,61.1,11
,Shelby,1,0,0,,0,0,,0,0,100.0,1
,Stoddard,13,4,31,2,15,6,46,0,0,53.8,7
,Stone,20,9,45,2,10,11,55,0,0,45.0,9
,Sullivan,2,1,50,0,0,1,50,0,0,50.0,1
,Taney,46,12,26,3,7,15,33,0,0,67.4,31
,Texas,8,3,38,1,13,4,50,0,0,50.0,4
,Vernon,13,8,62,1,8,9,69,0,0,30.8,4
,Warren,16,5,31,0,0,5,31,0,0,68.8,11
,Washington,13,6,46,1,8,7,54,0,0,46.2,6
,Wayne,4,1,25,0,0,1,25,0,0,75.0,3
,Webster,29,13,45,1,3,14,48,0,0,51.7,15
,Wright,8,2,25,1,13,3,38,0,0,62.5,5
Montana,,164,81,49,16,10,97,59,0,0,40.9,67
,Beaverhead,1,0,0,,0,0,,0,0,100.0,1
,Big Horn,2,1,50,0,0,1,50,0,0,50.0,1
,Broadwater,1,0,0,,0,0,,0,0,100.0,1
,Carbon,4,1,25,0,0,1,25,0,0,75.0,3
,Cascade,18,9,50,1,6,10,56,0,0,44.4,8
,Chouteau,1,1,100,0,0,1,100,0,0,0.0,
,Custer,3,2,67,1,33,3,100,0,0,0.0,
,Dawson,1,0,0,,0,0,,0,0,100.0,1
,Deer Lodge,2,0,0,1,50,1,50,0,0,50.0,1
,Fergus,1,0,0,,0,0,,0,0,100.0,1
,Flathead,7,2,29,1,14,3,43,0,0,57.1,4
,Gallatin,8,5,63,1,13,6,75,0,0,25.0,2
,Glacier,1,0,0,,0,0,,0,0,100.0,1
,Golden Valley,1,0,0,,0,0,,0,0,100.0,1
,Hill,1,1,100,0,0,1,100,0,0,0.0,
,Lake,4,3,75,0,0,3,75,0,0,25.0,1
,Lewis And Clark,13,8,62,1,8,9,69,0,0,30.8,4
,Lincoln,6,0,0,,0,0,,0,0,100.0,6
,Madison,1,1,100,0,0,1,100,0,0,0.0,
,Mineral,1,1,100,0,0,1,100,0,0,0.0,
,Missoula,15,7,47,1,7,8,53,0,0,46.7,7
,Musselshell,2,2,100,0,0,2,100,0,0,0.0,
,Park,2,1,50,1,50,2,100,0,0,0.0,
,Pondera,1,0,0,,0,0,,0,0,100.0,1
,Ravalli,9,8,89,0,0,8,89,0,0,11.1,1
,Richland,2,1,50,1,50,2,100,0,0,0.0,
,Roosevelt,2,0,0,1,50,1,50,0,0,50.0,1
,Rosebud,1,0,0,,0,0,,0,0,100.0,1
,Silver Bow,7,2,29,1,14,3,43,0,0,57.1,4
,Sweet Grass,1,0,0,,0,0,,0,0,100.0,1
,Teton,1,0,0,,0,0,,0,0,100.0,1
,Toole,3,2,67,0,0,2,67,0,0,33.3,1
,Valley,1,1,100,0,0,1,100,0,0,0.0,
,Yellowstone,40,22,55,5,13,27,68,0,0,32.5,13
Nebraska,,579,223,39,71,12,294,51,0,0,49.2,285
,Adams,18,10,56,1,6,11,61,0,0,38.9,7
,Boone,1,0,0,,0,0,,0,0,100.0,1
,Box Butte,1,0,0,,0,0,,0,0,100.0,1
,Buffalo,4,2,50,0,0,2,50,0,0,50.0,2
,Burt,2,0,0,,0,0,,0,0,100.0,2
,Butler,3,1,33,2,67,3,100,0,0,0.0,
,Cass,8,3,38,1,13,4,50,0,0,50.0,4
,Cedar,1,1,100,0,0,1,100,0,0,0.0,
,Cheyenne,1,1,100,0,0,1,100,0,0,0.0,
,Clay,1,0,0,,0,0,,0,0,100.0,1
,Cuming,7,3,43,2,29,5,71,0,0,28.6,2
,Custer,1,1,100,0,0,1,100,0,0,0.0,
,Dawes,1,1,100,0,0,1,100,0,0,0.0,
,Dixon,1,1,100,0,0,1,100,0,0,0.0,
,Dodge,6,0,0,2,33,2,33,0,0,66.7,4
,Douglas,245,96,39,30,12,126,51,0,0,48.6,119
,Gage,3,2,67,0,0,2,67,0,0,33.3,1
,Greeley,1,0,0,,0,0,,0,0,100.0,1
,Hall,11,5,45,2,18,7,64,0,0,36.4,4
,Hamilton,2,0,0,,0,0,,0,0,100.0,2
,Howard,1,1,100,0,0,1,100,0,0,0.0,
,Jefferson,1,0,0,1,100,1,100,0,0,0.0,
,Kearney,2,0,0,,0,0,,0,0,100.0,2
,Lancaster,112,39,35,14,13,53,47,0,0,52.7,59
,Lincoln,7,3,43,1,14,4,57,0,0,42.9,3
,Madison,1,0,0,,0,0,,0,0,100.0,1
,Morrill,2,0,0,,0,0,,0,0,100.0,2
,Nemaha,3,1,33,1,33,2,67,0,0,33.3,1
,Otoe,10,4,40,1,10,5,50,0,0,50.0,5
,Phelps,1,0,0,,0,0,,0,0,100.0,1
,Pierce,2,2,100,0,0,2,100,0,0,0.0,
,Platte,2,0,0,,0,0,,0,0,100.0,2
,Red Willow,2,1,50,0,0,1,50,0,0,50.0,1
,Saline,8,3,38,0,0,3,38,0,0,62.5,5
,Sarpy,66,27,41,7,11,34,52,0,0,48.5,32
,Saunders,5,1,20,1,20,2,40,0,0,60.0,3
,Scotts Bluff,2,0,0,,0,0,,0,0,100.0,2
,Seward,9,1,11,3,33,4,44,0,0,55.6,5
,Sheridan,1,1,100,0,0,1,100,0,0,0.0,
,Sioux,1,1,100,0,0,1,100,0,0,0.0,
,Thayer,4,4,100,0,0,4,100,0,0,0.0,
,Thurston,3,0,0,1,33,1,33,0,0,66.7,2
,Washington,10,5,50,0,0,5,50,0,0,50.0,5
,Webster,2,2,100,0,0,2,100,0,0,0.0,
,York,4,0,0,1,25,1,25,0,0,75.0,3
Nevada,,2367,514,22,1067,45,1581,67,0,0,33.2,786
,Carson City,18,2,11,6,33,8,44,0,0,55.6,10
,Churchill,9,1,11,2,22,3,33,0,0,66.7,6
,Clark,1919,425,22,886,46,1311,68,0,0,31.7,608
,Douglas,11,3,27,3,27,6,55,0,0,45.5,5
,Elko,36,9,25,12,33,21,58,0,0,41.7,15
,Eureka,1,0,0,,0,0,,0,0,100.0,1
,Humboldt,31,5,16,15,48,20,65,0,0,35.5,11
,Lander,11,3,27,4,36,7,64,0,0,36.4,4
,Lincoln,4,1,25,3,75,4,100,0,0,0.0,
,Lyon,39,6,15,18,46,24,62,0,0,38.5,15
,Nye,53,4,8,16,30,20,38,0,0,62.3,33
,Pershing,8,2,25,3,38,5,63,0,0,37.5,3
,Storey,4,0,0,3,75,3,75,0,0,25.0,1
,Washoe,221,53,24,96,43,149,67,0,0,32.6,72
,White Pine,2,0,0,,0,0,,0,0,100.0,2
New Hampshire,,29,11,38,5,17,16,55,,2,44.8,13
,Belknap,3,2,67,1,33,3,100,0,0,0.0,
,Cheshire,1,0,0,,0,0,,,1,100.0,1
,Coos,1,0,0,,0,0,,0,0,100.0,1
,Hillsborough,5,3,60,1,20,4,80,0,0,20.0,1
,Merrimack,6,2,33,1,17,3,50,0,0,50.0,3
,Rockingham,8,3,38,2,25,5,63,0,0,37.5,3
,Strafford,3,1,33,0,0,1,33,0,0,66.7,2
,Sullivan,2,0,0,,0,0,,,1,100.0,2
New Jersey,,12579,1024,8,7604,60,8628,69,,454,31.4,3951
,Atlantic,774,70,9,435,56,505,65,,9,34.8,269
,Bergen,831,84,10,586,71,670,81,,11,19.4,161
,Burlington,652,50,8,367,56,417,64,,17,36.0,235
,Camden,1205,53,4,662,55,715,59,,49,40.7,490
,Cape May,227,12,5,138,61,150,66,,9,33.9,77
,Cumberland,144,8,6,71,49,79,55,,5,45.1,65
,Essex,1363,105,8,874,64,979,72,,53,28.2,384
,Gloucester,375,18,5,195,52,213,57,,25,43.2,162
,Hudson,762,75,10,518,68,593,78,,6,22.2,169
,Hunterdon,153,12,8,80,52,92,60,,14,39.9,61
,Mercer,529,47,9,269,51,316,60,,20,40.3,213
,Middlesex,983,71,7,650,66,721,73,,44,26.7,262
,Monmouth,859,85,10,508,59,593,69,,30,31.0,266
,Morris,550,63,11,337,61,400,73,,11,27.3,150
,Ocean,773,73,9,453,59,526,68,,30,32.0,247
,Passaic,774,61,8,507,66,568,73,,38,26.6,206
,Salem,86,4,5,42,49,46,53,0,0,46.5,40
,Somerset,305,24,8,187,61,211,69,,18,30.8,94
,Sussex,279,21,8,133,48,154,55,,19,44.8,125
,Union,857,79,9,543,63,622,73,,43,27.4,235
,Warren,98,9,9,49,50,58,59,,3,40.8,40
New Mexico,,50,6,12,1,2,7,14,,16,86.0,43
,Bernalillo,11,3,27,0,0,3,27,,1,72.7,8
,Chaves,2,0,0,,0,0,,0,0,100.0,2
,Curry,3,1,33,0,0,1,33,0,0,66.7,2
,Dona Ana,4,0,0,,0,0,,,1,100.0,4
,Grant,2,0,0,,0,0,,0,0,100.0,2
,Lea,1,0,0,,0,0,,,1,100.0,1
,Luna,1,0,0,,0,0,,0,0,100.0,1
,Mckinley,1,0,0,,0,0,,0,0,100.0,1
,Otero,4,1,25,0,0,1,25,,1,75.0,3
,Rio Arriba,1,0,0,,0,0,,,1,100.0,1
,San Juan,5,1,20,0,0,1,20,,3,80.0,4
,San Miguel,2,0,0,,0,0,,,2,100.0,2
,Sandoval,3,0,0,,0,0,,0,0,100.0,3
,Santa Fe,2,0,0,,0,0,,,2,100.0,2
,Sierra,2,0,0,1,50,1,50,,1,50.0,1
,Taos,2,0,0,,0,0,,,2,100.0,2
,Torrance,2,0,0,,0,0,,,1,100.0,2
,Valencia,2,0,0,,0,0,,0,0,100.0,2
New York,,3649,1286,35,231,6,1517,42,,206,58.4,2132
,Albany,54,11,20,1,2,12,22,,7,77.8,42
,Allegany,12,2,17,0,0,2,17,,1,83.3,10
,Bronx,120,71,59,8,7,79,66,,8,34.2,41
,Broome,45,1,2,1,2,2,4,,10,95.6,43
,Cattaraugus,11,4,36,0,0,4,36,0,0,63.6,7
,Cayuga,10,2,20,1,10,3,30,0,0,70.0,7
,Chautauqua,15,1,7,3,20,4,27,,2,73.3,11
,Chemung,12,0,0,,0,0,,,3,100.0,12
,Chenango,6,0,0,1,17,1,17,0,0,83.3,5
,Clinton,14,0,0,3,21,3,21,0,0,78.6,11
,Columbia,9,1,11,0,0,1,11,0,0,88.9,8
,Cortland,17,1,6,3,18,4,24,0,0,76.5,13
,Delaware,16,3,19,2,13,5,31,0,0,68.8,11
,Dutchess,210,52,25,15,7,67,32,,3,68.1,143
,Erie,190,46,24,14,7,60,32,,13,68.4,130
,Essex,6,0,0,,0,0,,0,0,100.0,6
,Franklin,10,0,0,1,10,1,10,,1,90.0,9
,Fulton,14,2,14,0,0,2,14,,5,85.7,12
,Genesee,9,1,11,0,0,1,11,,1,88.9,8
,Greene,22,3,14,0,0,3,14,,1,86.4,19
,Herkimer,13,4,31,2,15,6,46,,3,53.8,7
,Jefferson,22,2,9,2,9,4,18,,2,81.8,18
,Kings,61,38,62,6,10,44,72,,1,27.9,17
,Lewis,1,0,0,,0,0,,0,0,100.0,1
,Livingston,8,1,13,0,0,1,13,0,0,87.5,7
,Madison,10,0,0,,0,0,,,2,100.0,10
,Monroe,134,19,14,8,6,27,20,,5,79.9,107
,Montgomery,10,1,10,1,10,2,20,,1,80.0,8
,Nassau,266,161,61,19,7,180,68,,13,32.3,86
,New York,10,4,40,0,0,4,40,,1,60.0,6
,Niagara,49,10,20,2,4,12,24,,4,75.5,37
,Oneida,32,3,9,1,3,4,13,,1,87.5,28
,Onondaga,109,20,18,8,7,28,26,,8,74.3,81
,Ontario,10,0,0,1,10,1,10,0,0,90.0,9
,Orange,307,94,31,13,4,107,35,,10,65.1,200
,Orleans,9,1,11,0,0,1,11,0,0,88.9,8
,Oswego,42,8,19,4,10,12,29,,3,71.4,30
,Otsego,9,0,0,1,11,1,11,,3,88.9,8
,Putnam,48,15,31,1,2,16,33,,2,66.7,32
,Queens,177,120,68,8,5,128,72,,7,27.7,49
,Rensselaer,42,7,17,1,2,8,19,,2,81.0,34
,Richmond,66,26,39,4,6,30,45,,2,54.5,36
,Rockland,115,63,55,4,3,67,58,,6,41.7,48
,Saint Lawrence,11,1,9,2,18,3,27,,1,72.7,8
,Saratoga,49,17,35,3,6,20,41,,1,59.2,29
,Schenectady,61,7,11,3,5,10,16,,5,83.6,51
,Schoharie,9,1,11,1,11,2,22,0,0,77.8,7
,Seneca,5,1,20,0,0,1,20,0,0,80.0,4
,Steuben,9,0,0,,0,0,,0,0,100.0,9
,Suffolk,677,317,47,51,8,368,54,,38,45.6,309
,Sullivan,85,21,25,1,1,22,26,,5,74.1,63
,Tioga,11,3,27,0,0,3,27,,1,72.7,8
,Tompkins,6,2,33,1,17,3,50,0,0,50.0,3
,Ulster,80,11,14,6,8,17,21,,7,78.8,63
,Warren,19,5,26,4,21,9,47,,1,52.6,10
,Washington,30,6,20,0,0,6,20,,1,80.0,24
,Wayne,23,3,13,3,13,6,26,,3,73.9,17
,Westchester,214,91,43,16,7,107,50,,12,50.0,107
,Wyoming,3,0,0,,0,0,,0,0,100.0,3
,Yates,5,2,40,1,20,3,60,0,0,40.0,2
North Carolina,,6541,2407,37,847,13,3254,50,190,,47.3,3097
,Alamance,91,31,34,17,19,48,53,2,,45.1,41
,Alexander,16,6,38,1,6,7,44,1,,50.0,8
,Alleghany,5,0,0,1,20,1,20,0,0,80.0,4
,Anson,1,0,0,,0,0,,0,0,100.0,1
,Ashe,8,2,25,1,13,3,38,1,,50.0,4
,Avery,23,7,30,7,30,14,61,0,0,39.1,9
,Beaufort,16,7,44,1,6,8,50,0,0,50.0,8
,Bertie,6,2,33,0,0,2,33,0,0,66.7,4
,Bladen,3,1,33,0,0,1,33,1,,33.3,1
,Brunswick,94,35,37,9,10,44,47,2,,51.1,48
,Buncombe,81,38,47,13,16,51,63,1,,35.8,29
,Burke,36,7,19,4,11,11,31,2,,63.9,23
,Cabarrus,191,75,39,29,15,104,54,4,,43.5,83
,Caldwell,45,15,33,7,16,22,49,2,,46.7,21
,Camden,11,3,27,1,9,4,36,1,,54.5,6
,Carteret,35,13,37,3,9,16,46,1,,51.4,18
,Caswell,8,3,38,0,0,3,38,0,0,62.5,5
,Catawba,114,42,37,12,11,54,47,3,,50.0,57
,Chatham,30,10,33,9,30,19,63,1,,33.3,10
,Cherokee,11,3,27,0,0,3,27,0,0,72.7,8
,Chowan,2,1,50,0,0,1,50,0,0,50.0,1
,Clay,4,0,0,,0,0,,1,,75.0,3
,Cleveland,51,10,20,10,20,20,39,2,,56.9,29
,Columbus,12,2,17,1,8,3,25,0,0,75.0,9
,Craven,57,14,25,6,11,20,35,0,0,64.9,37
,Cumberland,338,99,29,46,14,145,43,7,,55.0,186
,Currituck,28,9,32,10,36,19,68,1,,28.6,8
,Dare,33,15,45,4,12,19,58,1,,39.4,13
,Davidson,112,31,28,15,13,46,41,6,,53.6,60
,Davie,22,14,64,3,14,17,77,1,,18.2,4
,Duplin,30,9,30,3,10,12,40,1,,56.7,17
,Durham,184,82,45,18,10,100,54,6,,42.4,78
,Edgecombe,33,10,30,4,12,14,42,1,,54.5,18
,Forsyth,310,105,34,43,14,148,48,11,,48.7,151
,Franklin,40,19,48,2,5,21,53,0,0,47.5,19
,Gaston,173,56,32,27,16,83,48,6,,48.6,84
,Gates,15,4,27,1,7,5,33,0,0,66.7,10
,Graham,6,2,33,1,17,3,50,0,0,50.0,3
,Granville,40,11,28,4,10,15,38,1,,60.0,24
,Greene,12,4,33,2,17,6,50,0,0,50.0,6
,Guilford,472,163,35,69,15,232,49,14,,47.9,226
,Halifax,20,7,35,2,10,9,45,2,,45.0,9
,Harnett,89,27,30,11,12,38,43,3,,53.9,48
,Haywood,36,8,22,5,14,13,36,1,,61.1,22
,Henderson,36,8,22,3,8,11,31,2,,63.9,23
,Hertford,9,4,44,2,22,6,67,0,0,33.3,3
,Hoke,52,10,19,9,17,19,37,1,,61.5,32
,Hyde,2,2,100,0,0,2,100,0,0,0.0,
,Iredell,117,41,35,14,12,55,47,5,,48.7,57
,Jackson,8,2,25,3,38,5,63,0,0,37.5,3
,Johnston,192,86,45,25,13,111,58,6,,39.1,75
,Jones,6,2,33,0,0,2,33,0,0,66.7,4
,Lee,31,7,23,5,16,12,39,2,,54.8,17
,Lenoir,30,7,23,6,20,13,43,0,0,56.7,17
,Lincoln,33,16,48,4,12,20,61,1,,36.4,12
,Macon,17,8,47,2,12,10,59,1,,35.3,6
,Madison,7,4,57,0,0,4,57,2,,14.3,1
,Martin,6,0,0,1,17,1,17,1,,66.7,4
,Mcdowell,4,2,50,1,25,3,75,0,0,25.0,1
,Mecklenburg,1013,490,48,119,12,609,60,15,,38.4,389
,Mitchell,8,4,50,2,25,6,75,0,0,25.0,2
,Montgomery,2,1,50,0,0,1,50,0,0,50.0,1
,Moore,32,14,44,2,6,16,50,1,,46.9,15
,Nash,71,25,35,7,10,32,45,3,,50.7,36
,New Hanover,152,64,42,18,12,82,54,2,,44.7,68
,Northampton,2,0,0,,0,0,,1,,50.0,1
,Onslow,189,44,23,29,15,73,39,10,,56.1,106
,Orange,35,15,43,7,20,22,63,4,,25.7,9
,Pamlico,5,2,40,0,0,2,40,1,,40.0,2
,Pasquotank,30,8,27,3,10,11,37,3,,53.3,16
,Pender,39,13,33,5,13,18,46,1,,51.3,20
,Perquimans,15,4,27,1,7,5,33,0,0,66.7,10
,Person,27,10,37,1,4,11,41,1,,55.6,15
,Pitt,112,39,35,21,19,60,54,5,,42.0,47
,Polk,4,1,25,0,0,1,25,0,0,75.0,3
,Randolph,107,30,28,20,19,50,47,4,,49.5,53
,Richmond,20,6,30,3,15,9,45,1,,50.0,10
,Robeson,33,12,36,4,12,16,48,0,0,51.5,17
,Rockingham,62,16,26,5,8,21,34,6,,56.5,35
,Rowan,117,34,29,19,16,53,45,2,,53.0,62
,Rutherford,41,13,32,2,5,15,37,1,,61.0,25
,Sampson,24,6,25,1,4,7,29,1,,66.7,16
,Scotland,9,0,0,2,22,2,22,0,0,77.8,7
,Stanly,27,10,37,5,19,15,56,1,,40.7,11
,Stokes,35,14,40,6,17,20,57,2,,37.1,13
,Surry,19,4,21,0,0,4,21,0,0,78.9,15
,Swain,1,0,0,,0,0,,0,0,100.0,1
,Transylvania,14,3,21,2,14,5,36,1,,57.1,8
,Union,149,56,38,18,12,74,50,2,,49.0,73
,Vance,19,5,26,2,11,7,37,0,0,63.2,12
,Wake,470,211,45,47,10,258,55,8,,43.4,204
,Warren,5,2,40,0,0,2,40,1,,40.0,2
,Washington,3,3,100,0,0,3,100,0,0,0.0,
,Watauga,15,7,47,2,13,9,60,1,,33.3,5
,Wayne,60,18,30,2,3,20,33,2,,63.3,38
,Wilkes,14,5,36,3,21,8,57,0,0,42.9,6
,Wilson,46,13,28,7,15,20,43,2,,52.2,24
,Yadkin,14,3,21,2,14,5,36,0,0,64.3,9
,Yancey,7,1,14,3,43,4,57,0,0,42.9,3
North Dakota,,1,1,100,0,0,1,100,0,0,0.0,
,Morton,1,1,100,0,0,1,100,0,0,0.0,
Ohio,,2493,633,25,0,0,633,25,,105,74.6,1860
,Adams,1,1,100,0,0,1,100,0,0,0.0,
,Allen,10,4,40,0,0,4,40,,1,60.0,6
,Ashland,8,1,13,0,0,1,13,,1,87.5,7
,Ashtabula,27,6,22,0,0,6,22,,1,77.8,21
,Athens,1,0,0,,0,0,,0,0,100.0,1
,Auglaize,1,0,0,,0,0,,0,0,100.0,1
,Belmont,8,3,38,0,0,3,38,,1,62.5,5
,Brown,9,2,22,0,0,2,22,0,0,77.8,7
,Butler,109,30,28,0,0,30,28,,7,72.5,79
,Carroll,4,1,25,0,0,1,25,0,0,75.0,3
,Champaign,4,1,25,0,0,1,25,0,0,75.0,3
,Clark,21,5,24,0,0,5,24,0,0,76.2,16
,Clermont,43,10,23,0,0,10,23,,2,76.7,33
,Clinton,3,1,33,0,0,1,33,0,0,66.7,2
,Columbiana,13,4,31,0,0,4,31,0,0,69.2,9
,Coshocton,3,1,33,0,0,1,33,0,0,66.7,2
,Crawford,5,1,20,0,0,1,20,0,0,80.0,4
,Cuyahoga,354,72,20,0,0,72,20,,3,79.7,282
,Darke,1,0,0,,0,0,,0,0,100.0,1
,Defiance,1,0,0,,0,0,,0,0,100.0,1
,Delaware,22,9,41,0,0,9,41,,5,59.1,13
,Erie,20,5,25,0,0,5,25,0,0,75.0,15
,Fairfield,23,7,30,0,0,7,30,,2,69.6,16
,Fayette,10,1,10,0,0,1,10,0,0,90.0,9
,Franklin,285,104,36,0,0,104,36,,12,63.5,181
,Fulton,6,2,33,0,0,2,33,0,0,66.7,4
,Gallia,1,0,0,,0,0,,0,0,100.0,1
,Geauga,10,4,40,0,0,4,40,,2,60.0,6
,Greene,23,7,30,0,0,7,30,,1,69.6,16
,Guernsey,5,4,80,0,0,4,80,0,0,20.0,1
,Hamilton,173,43,25,0,0,43,25,,3,75.1,130
,Hancock,10,2,20,0,0,2,20,0,0,80.0,8
,Hardin,5,1,20,0,0,1,20,,1,80.0,4
,Harrison,1,1,100,0,0,1,100,0,0,0.0,
,Henry,9,2,22,0,0,2,22,0,0,77.8,7
,Highland,9,0,0,,0,0,,,1,100.0,9
,Holmes,2,1,50,0,0,1,50,0,0,50.0,1
,Huron,11,4,36,0,0,4,36,0,0,63.6,7
,Jackson,1,0,0,,0,0,,0,0,100.0,1
,Jefferson,10,2,20,0,0,2,20,0,0,80.0,8
,Knox,5,1,20,0,0,1,20,,1,80.0,4
,Lake,61,12,20,0,0,12,20,,4,80.3,49
,Lawrence,7,1,14,0,0,1,14,0,0,85.7,6
,Licking,37,13,35,0,0,13,35,,2,64.9,24
,Logan,7,0,0,,0,0,,,1,100.0,7
,Lorain,62,9,15,0,0,9,15,,4,85.5,53
,Lucas,153,26,17,0,0,26,17,,4,83.0,127
,Madison,5,2,40,0,0,2,40,0,0,60.0,3
,Mahoning,48,9,19,0,0,9,19,,11,81.3,39
,Marion,3,0,0,,0,0,,0,0,100.0,3
,Medina,37,6,16,0,0,6,16,,3,83.8,31
,Meigs,1,1,100,0,0,1,100,0,0,0.0,
,Mercer,3,0,0,,0,0,,0,0,100.0,3
,Miami,21,6,29,0,0,6,29,,1,71.4,15
,Monroe,2,1,50,0,0,1,50,0,0,50.0,1
,Montgomery,216,54,25,0,0,54,25,,4,75.0,162
,Morrow,6,3,50,0,0,3,50,0,0,50.0,3
,Muskingum,12,2,17,0,0,2,17,,2,83.3,10
,Ottawa,8,1,13,0,0,1,13,0,0,87.5,7
,Paulding,1,0,0,,0,0,,0,0,100.0,1
,Perry,11,3,27,0,0,3,27,0,0,72.7,8
,Pickaway,10,4,40,0,0,4,40,,2,60.0,6
,Pike,2,0,0,,0,0,,0,0,100.0,2
,Portage,42,13,31,0,0,13,31,,3,69.0,29
,Preble,14,6,43,0,0,6,43,0,0,57.1,8
,Putnam,1,0,0,,0,0,,0,0,100.0,1
,Richland,13,1,8,0,0,1,8,,1,92.3,12
,Ross,12,1,8,0,0,1,8,,1,91.7,11
,Sandusky,15,4,27,0,0,4,27,0,0,73.3,11
,Scioto,14,6,43,0,0,6,43,0,0,57.1,8
,Seneca,10,2,20,0,0,2,20,0,0,80.0,8
,Shelby,5,3,60,0,0,3,60,0,0,40.0,2
,Stark,75,16,21,0,0,16,21,,3,78.7,59
,Summit,142,36,25,0,0,36,25,,4,74.6,106
,Trumbull,55,13,24,0,0,13,24,0,0,76.4,42
,Tuscarawas,10,1,10,0,0,1,10,,1,90.0,9
,Union,2,1,50,0,0,1,50,0,0,50.0,1
,Van Wert,2,1,50,0,0,1,50,0,0,50.0,1
,Vinton,2,1,50,0,0,1,50,0,0,50.0,1
,Warren,57,18,32,0,0,18,32,,6,68.4,39
,Washington,3,1,33,0,0,1,33,0,0,66.7,2
,Wayne,12,4,33,0,0,4,33,0,0,66.7,8
,Williams,1,0,0,,0,0,,0,0,100.0,1
,Wood,24,9,38,0,0,9,38,,3,62.5,15
,Wyandot,2,0,0,,0,0,,,1,100.0,2
Oklahoma,,168,69,41,0,0,69,41,,21,58.9,99
,Adair,2,1,50,0,0,1,50,0,0,50.0,1
,Beckham,1,0,0,,0,0,,0,0,100.0,1
,Caddo,1,0,0,,0,0,,,1,100.0,1
,Canadian,6,3,50,0,0,3,50,0,0,50.0,3
,Carter,1,1,100,0,0,1,100,0,0,0.0,
,Cleveland,15,4,27,0,0,4,27,,6,73.3,11
,Comanche,10,4,40,0,0,4,40,,1,60.0,6
,Craig,1,1,100,0,0,1,100,0,0,0.0,
,Creek,2,1,50,0,0,1,50,0,0,50.0,1
,Delaware,1,0,0,,0,0,,0,0,100.0,1
,Garfield,1,1,100,0,0,1,100,0,0,0.0,
,Garvin,2,0,0,,0,0,,0,0,100.0,2
,Grady,2,1,50,0,0,1,50,0,0,50.0,1
,Haskell,1,1,100,0,0,1,100,0,0,0.0,
,Kay,1,0,0,,0,0,,0,0,100.0,1
,Le Flore,4,2,50,0,0,2,50,0,0,50.0,2
,Lincoln,1,1,100,0,0,1,100,0,0,0.0,
,Logan,2,1,50,0,0,1,50,0,0,50.0,1
,Major,1,0,0,,0,0,,,1,100.0,1
,Marshall,1,0,0,,0,0,,,1,100.0,1
,Mayes,1,1,100,0,0,1,100,0,0,0.0,
,Mcclain,1,0,0,,0,0,,0,0,100.0,1
,Murray,1,1,100,0,0,1,100,0,0,0.0,
,Muskogee,6,3,50,0,0,3,50,0,0,50.0,3
,Okfuskee,1,1,100,0,0,1,100,0,0,0.0,
,Oklahoma,27,11,41,0,0,11,41,,1,59.3,16
,Okmulgee,3,0,0,,0,0,,,1,100.0,3
,Osage,3,1,33,0,0,1,33,0,0,66.7,2
,Pawnee,1,0,0,,0,0,,0,0,100.0,1
,Payne,1,0,0,,0,0,,0,0,100.0,1
,Pittsburg,4,3,75,0,0,3,75,0,0,25.0,1
,Pontotoc,1,1,100,0,0,1,100,0,0,0.0,
,Pottawatomie,4,2,50,0,0,2,50,,1,50.0,2
,Rogers,10,3,30,0,0,3,30,0,0,70.0,7
,Sequoyah,2,1,50,0,0,1,50,0,0,50.0,1
,Stephens,2,0,0,,0,0,,0,0,100.0,2
,Tulsa,33,14,42,0,0,14,42,,7,57.6,19
,Wagoner,7,3,43,0,0,3,43,0,0,57.1,4
,Washington,3,2,67,0,0,2,67,0,0,33.3,1
,Woodward,1,0,0,,0,0,,,1,100.0,1
Oregon,,929,176,19,301,32,477,51,,6,48.7,452
,Baker,3,0,0,1,33,1,33,0,0,66.7,2
,Benton,9,0,0,4,44,4,44,0,0,55.6,5
,Clackamas,87,14,16,34,39,48,55,0,0,44.8,39
,Clatsop,18,2,11,8,44,10,56,0,0,44.4,8
,Columbia,8,3,38,1,13,4,50,0,0,50.0,4
,Coos,12,1,8,5,42,6,50,0,0,50.0,6
,Crook,3,0,0,1,33,1,33,0,0,66.7,2
,Curry,7,1,14,1,14,2,29,0,0,71.4,5
,Deschutes,38,7,18,6,16,13,34,,1,65.8,25
,Douglas,30,4,13,6,20,10,33,0,0,66.7,20
,Grant,2,0,0,,0,0,,0,0,100.0,2
,Jackson,37,10,27,9,24,19,51,0,0,48.6,18
,Jefferson,3,1,33,0,0,1,33,0,0,66.7,2
,Josephine,23,3,13,5,22,8,35,0,0,65.2,15
,Klamath,46,5,11,15,33,20,43,,1,56.5,26
,Lane,100,19,19,40,40,59,59,,1,41.0,41
,Lincoln,30,2,7,14,47,16,53,0,0,46.7,14
,Linn,39,5,13,10,26,15,38,,1,61.5,24
,Malheur,5,1,20,1,20,2,40,0,0,60.0,3
,Marion,102,24,24,26,25,50,49,,1,51.0,52
,Morrow,3,0,0,1,33,1,33,0,0,66.7,2
,Multnomah,170,41,24,54,32,95,56,0,0,44.1,75
,Polk,10,2,20,2,20,4,40,0,0,60.0,6
,Umatilla,6,1,17,3,50,4,67,0,0,33.3,2
,Union,2,0,0,1,50,1,50,0,0,50.0,1
,Wallowa,1,0,0,,0,0,,,1,100.0,1
,Wasco,7,2,29,1,14,3,43,0,0,57.1,4
,Washington,94,20,21,39,41,59,63,0,0,37.2,35
,Yamhill,34,8,24,13,38,21,62,0,0,38.2,13
Pennsylvania,,5603,1237,22,2193,39,3430,61,,238,38.8,2173
,Adams,43,8,19,19,44,27,63,0,0,37.2,16
,Allegheny,410,87,21,155,38,242,59,,38,41.0,168
,Armstrong,22,8,36,5,23,13,59,,1,40.9,9
,Beaver,60,10,17,23,38,33,55,0,0,45.0,27
,Bedford,6,2,33,0,0,2,33,0,0,66.7,4
,Berks,233,58,25,91,39,149,64,0,0,36.1,84
,Blair,23,6,26,4,17,10,43,0,0,56.5,13
,Bradford,6,1,17,3,50,4,67,,1,33.3,2
,Bucks,293,76,26,141,48,217,74,,1,25.9,76
,Butler,61,13,21,24,39,37,61,,2,39.3,24
,Cambria,18,3,17,4,22,7,39,0,0,61.1,11
,Carbon,55,11,20,15,27,26,47,,1,52.7,29
,Centre,17,4,24,8,47,12,71,0,0,29.4,5
,Chester,194,46,24,90,46,136,70,,2,29.9,58
,Clarion,8,2,25,4,50,6,75,0,0,25.0,2
,Clearfield,10,4,40,4,40,8,80,0,0,20.0,2
,Clinton,6,1,17,3,50,4,67,0,0,33.3,2
,Columbia,14,1,7,5,36,6,43,,2,57.1,8
,Crawford,16,4,25,6,38,10,63,0,0,37.5,6
,Cumberland,49,19,39,13,27,32,65,,2,34.7,17
,Dauphin,153,35,23,59,39,94,61,,3,38.6,59
,Delaware,374,75,20,164,44,239,64,0,0,36.1,135
,Elk,7,0,0,3,43,3,43,0,0,57.1,4
,Erie,62,15,24,29,47,44,71,0,0,29.0,18
,Fayette,23,5,22,12,52,17,74,0,0,26.1,6
,Franklin,37,8,22,11,30,19,51,0,0,48.6,18
,Fulton,1,0,0,,0,0,,0,0,100.0,1
,Greene,5,0,0,4,80,4,80,,1,20.0,1
,Huntingdon,6,1,17,2,33,3,50,0,0,50.0,3
,Indiana,13,2,15,4,31,6,46,,3,53.8,7
,Jefferson,3,1,33,1,33,2,67,0,0,33.3,1
,Juniata,2,1,50,0,0,1,50,0,0,50.0,1
,Lackawanna,72,12,17,25,35,37,51,0,0,48.6,35
,Lancaster,194,42,22,77,40,119,61,,26,38.7,75
,Lawrence,26,2,8,9,35,11,42,0,0,57.7,15
,Lebanon,43,8,19,23,53,31,72,0,0,27.9,12
,Lehigh,219,51,23,89,41,140,64,,1,36.1,79
,Luzerne,116,19,16,40,34,59,51,0,0,49.1,57
,Lycoming,13,6,46,2,15,8,62,0,0,38.5,5
,Mckean,4,0,0,3,75,3,75,0,0,25.0,1
,Mercer,35,6,17,14,40,20,57,0,0,42.9,15
,Mifflin,10,2,20,5,50,7,70,,2,30.0,3
,Monroe,503,90,18,175,35,265,53,,35,47.3,238
,Montgomery,332,94,28,137,41,231,70,,17,30.4,101
,Montour,4,1,25,1,25,2,50,0,0,50.0,2
,Northampton,187,43,23,70,37,113,60,,1,39.6,74
,Northumberland,17,3,18,8,47,11,65,0,0,35.3,6
,Perry,21,5,24,5,24,10,48,0,0,52.4,11
,Philadelphia,892,189,21,361,40,550,62,,82,38.3,342
,Pike,113,23,20,32,28,55,49,,1,51.3,58
,Schuylkill,60,11,18,19,32,30,50,,10,50.0,30
,Snyder,1,0,0,,0,0,,0,0,100.0,1
,Somerset,17,8,47,4,24,12,71,0,0,29.4,5
,Sullivan,4,1,25,1,25,2,50,0,0,50.0,2
,Susquehanna,3,1,33,0,0,1,33,0,0,66.7,2
,Tioga,6,1,17,3,50,4,67,0,0,33.3,2
,Union,7,0,0,4,57,4,57,0,0,42.9,3
,Venango,5,1,20,2,40,3,60,0,0,40.0,2
,Warren,2,1,50,0,0,1,50,0,0,50.0,1
,Washington,75,16,21,27,36,43,57,0,0,42.7,32
,Wayne,57,9,16,23,40,32,56,,2,43.9,25
,Westmoreland,148,42,28,51,34,93,63,,2,37.2,55
,Wyoming,5,2,40,2,40,4,80,0,0,20.0,1
,York,182,41,23,75,41,116,64,,2,36.3,66
Rhode Island,,63,25,40,4,6,29,46,,2,54.0,34
,Bristol,3,2,67,0,0,2,67,0,0,33.3,1
,Kent,20,9,45,3,15,12,60,,1,40.0,8
,Newport,2,0,0,,0,0,,0,0,100.0,2
,Providence,33,14,42,1,3,15,45,,1,54.5,18
,Washington,5,0,0,,0,0,,0,0,100.0,5
South Carolina,,487,130,27,9,2,139,29,,57,71.5,348
,Abbeville,1,1,100,0,0,1,100,0,0,0.0,
,Aiken,15,8,53,1,7,9,60,,2,40.0,6
,Anderson,23,5,22,0,0,5,22,,5,78.3,18
,Bamberg,2,0,0,,0,0,,0,0,100.0,2
,Barnwell,1,0,0,,0,0,,0,0,100.0,1
,Beaufort,27,8,30,0,0,8,30,,1,70.4,19
,Berkeley,17,7,41,1,6,8,47,,2,52.9,9
,Calhoun,3,0,0,,0,0,,0,0,100.0,3
,Charleston,32,11,34,0,0,11,34,,5,65.6,21
,Cherokee,3,1,33,0,0,1,33,0,0,66.7,2
,Chester,1,0,0,,0,0,,0,0,100.0,1
,Chesterfield,7,0,0,1,14,1,14,,1,85.7,6
,Clarendon,1,0,0,,0,0,,,1,100.0,1
,Colleton,1,0,0,,0,0,,0,0,100.0,1
,Darlington,3,0,0,,0,0,,0,0,100.0,3
,Dorchester,15,1,7,0,0,1,7,,2,93.3,14
,Fairfield,1,0,0,,0,0,,0,0,100.0,1
,Florence,5,1,20,0,0,1,20,0,0,80.0,4
,Georgetown,8,2,25,0,0,2,25,0,0,75.0,6
,Greenville,31,7,23,0,0,7,23,,2,77.4,24
,Greenwood,6,2,33,0,0,2,33,0,0,66.7,4
,Hampton,1,0,0,,0,0,,,1,100.0,1
,Horry,52,6,12,2,4,8,15,,7,84.6,44
,Kershaw,6,0,0,1,17,1,17,,2,83.3,5
,Lancaster,7,2,29,0,0,2,29,,2,71.4,5
,Laurens,2,1,50,0,0,1,50,0,0,50.0,1
,Lexington,35,10,29,0,0,10,29,,4,71.4,25
,Marion,2,0,0,,0,0,,0,0,100.0,2
,Marlboro,1,1,100,0,0,1,100,0,0,0.0,
,Newberry,1,0,0,,0,0,,0,0,100.0,1
,Oconee,8,2,25,0,0,2,25,,2,75.0,6
,Orangeburg,7,0,0,,0,0,,,2,100.0,7
,Pickens,8,2,25,0,0,2,25,0,0,75.0,6
,Richland,66,19,29,1,2,20,30,,9,69.7,46
,Saluda,2,1,50,0,0,1,50,0,0,50.0,1
,Spartanburg,45,21,47,0,0,21,47,,2,53.3,24
,Sumter,9,0,0,1,11,1,11,,2,88.9,8
,Union,3,1,33,1,33,2,67,0,0,33.3,1
,Williamsburg,3,2,67,0,0,2,67,,1,33.3,1
,York,26,8,31,0,0,8,31,,2,69.2,18
South Dakota,,5,1,20,2,40,3,60,,1,40.0,2
,Lawrence,1,0,0,1,100,1,100,0,0,0.0,
,Meade,1,0,0,,0,0,,0,0,100.0,1
,Pennington,3,1,33,1,33,2,67,,1,33.3,1
Tennessee,,5690,2376,42,1307,23,3683,65,0,0,35.3,2007
,,1,0,0,,0,0,,0,0,100.0,1
,Anderson,86,31,36,24,28,55,64,0,0,36.0,31
,Bedford,28,12,43,8,29,20,71,0,0,28.6,8
,Benton,9,4,44,2,22,6,67,0,0,33.3,3
,Bledsoe,4,1,25,1,25,2,50,0,0,50.0,2
,Blount,140,55,39,31,22,86,61,0,0,38.6,54
,Bradley,112,46,41,25,22,71,63,0,0,36.6,41
,Campbell,26,11,42,8,31,19,73,0,0,26.9,7
,Cannon,9,4,44,2,22,6,67,0,0,33.3,3
,Carroll,15,8,53,3,20,11,73,0,0,26.7,4
,Carter,16,4,25,2,13,6,38,0,0,62.5,10
,Cheatham,40,16,40,5,13,21,53,0,0,47.5,19
,Chester,10,3,30,2,20,5,50,0,0,50.0,5
,Claiborne,12,2,17,2,17,4,33,0,0,66.7,8
,Cocke,23,11,48,4,17,15,65,0,0,34.8,8
,Coffee,40,16,40,9,23,25,63,0,0,37.5,15
,Crockett,4,2,50,0,0,2,50,0,0,50.0,2
,Cumberland,21,4,19,4,19,8,38,0,0,61.9,13
,Davidson,566,315,56,137,24,452,80,0,0,20.1,114
,De Kalb,3,1,33,0,0,1,33,0,0,66.7,2
,Decatur,5,1,20,0,0,1,20,0,0,80.0,4
,Dekalb,4,0,0,,0,0,,0,0,100.0,4
,Dickson,35,17,49,9,26,26,74,0,0,25.7,9
,Dyer,36,9,25,12,33,21,58,0,0,41.7,15
,Fayette,35,11,31,10,29,21,60,0,0,40.0,14
,Fentress,13,5,38,2,15,7,54,0,0,46.2,6
,Franklin,19,7,37,3,16,10,53,0,0,47.4,9
,Gibson,48,13,27,10,21,23,48,0,0,52.1,25
,Giles,18,11,61,3,17,14,78,0,0,22.2,4
,Grainger,6,1,17,2,33,3,50,0,0,50.0,3
,Greene,59,19,32,14,24,33,56,0,0,44.1,26
,Grundy,3,1,33,0,0,1,33,0,0,66.7,2
,Hamblen,61,23,38,10,16,33,54,0,0,45.9,28
,Hamilton,291,118,41,45,15,163,56,0,0,44.0,128
,Hancock,1,0,0,,0,0,,0,0,100.0,1
,Hardeman,13,5,38,3,23,8,62,0,0,38.5,5
,Hardin,9,2,22,4,44,6,67,0,0,33.3,3
,Hawkins,31,9,29,8,26,17,55,0,0,45.2,14
,Haywood,7,2,29,3,43,5,71,0,0,28.6,2
,Henderson,20,9,45,4,20,13,65,0,0,35.0,7
,Henry,10,2,20,0,0,2,20,0,0,80.0,8
,Hickman,25,8,32,12,48,20,80,0,0,20.0,5
,Houston,1,1,100,0,0,1,100,0,0,0.0,
,Humphreys,9,3,33,0,0,3,33,0,0,66.7,6
,Jackson,5,3,60,0,0,3,60,0,0,40.0,2
,Jefferson,50,20,40,15,30,35,70,0,0,30.0,15
,Johnson,4,1,25,1,25,2,50,0,0,50.0,2
,Knox,377,133,35,84,22,217,58,0,0,42.4,160
,Lauderdale,14,4,29,4,29,8,57,0,0,42.9,6
,Lawrence,23,8,35,1,4,9,39,0,0,60.9,14
,Lewis,5,2,40,0,0,2,40,0,0,60.0,3
,Lincoln,15,6,40,6,40,12,80,0,0,20.0,3
,Loudon,39,14,36,7,18,21,54,0,0,46.2,18
,Macon,6,3,50,1,17,4,67,0,0,33.3,2
,Madison,88,28,32,20,23,48,55,0,0,45.5,40
,Marion,18,6,33,3,17,9,50,0,0,50.0,9
,Marshall,19,8,42,3,16,11,58,0,0,42.1,8
,Maury,59,27,46,8,14,35,59,0,0,40.7,24
,Mc Minn,8,4,50,0,0,4,50,0,0,50.0,4
,Mc Nairy,4,0,0,,0,0,,0,0,100.0,4
,Mcminn,24,11,46,8,33,19,79,0,0,20.8,5
,Mcnairy,7,3,43,1,14,4,57,0,0,42.9,3
,Meigs,4,1,25,0,0,1,25,0,0,75.0,3
,Monroe,22,9,41,3,14,12,55,0,0,45.5,10
,Montgomery,229,73,32,69,30,142,62,0,0,38.0,87
,Moore,2,0,0,1,50,1,50,0,0,50.0,1
,Morgan,9,7,78,0,0,7,78,0,0,22.2,2
,Obion,8,5,63,0,0,5,63,0,0,37.5,3
,Overton,8,4,50,2,25,6,75,0,0,25.0,2
,Polk,9,2,22,0,0,2,22,0,0,77.8,7
,Putnam,39,18,46,6,15,24,62,0,0,38.5,15
,Rhea,27,9,33,8,30,17,63,0,0,37.0,10
,Roane,22,8,36,2,9,10,45,0,0,54.5,12
,Robertson,87,40,46,21,24,61,70,0,0,29.9,26
,Rutherford,365,184,50,103,28,287,79,0,0,21.4,78
,Scott,3,0,0,,0,0,,0,0,100.0,3
,Sequatchie,12,3,25,3,25,6,50,0,0,50.0,6
,Sevier,72,23,32,26,36,49,68,0,0,31.9,23
,Shelby,1412,567,40,332,24,899,64,0,0,36.3,513
,Smith,3,3,100,0,0,3,100,0,0,0.0,
,Stewart,18,6,33,8,44,14,78,0,0,22.2,4
,Sullivan,117,46,39,18,15,64,55,0,0,45.3,53
,Sumner,180,90,50,52,29,142,79,0,0,21.1,38
,Tipton,53,21,40,8,15,29,55,0,0,45.3,24
,Unicoi,12,3,25,2,17,5,42,0,0,58.3,7
,Union,11,7,64,0,0,7,64,0,0,36.4,4
,Van Buren,1,0,0,,0,0,,0,0,100.0,1
,Warren,12,7,58,1,8,8,67,0,0,33.3,4
,Washington,57,34,60,6,11,40,70,0,0,29.8,17
,Wayne,4,0,0,2,50,2,50,0,0,50.0,2
,Weakley,12,3,25,3,25,6,50,0,0,50.0,6
,White,13,6,46,0,0,6,46,0,0,53.8,7
,Williamson,86,50,58,24,28,74,86,0,0,14.0,12
,Wilson,92,43,47,22,24,65,71,0,0,29.3,27
Texas,,9464,5619,59,0,0,5619,59,0,0,40.6,3845
,Anderson,6,2,33,0,0,2,33,0,0,66.7,4
,Andrews,10,7,70,0,0,7,70,0,0,30.0,3
,Angelina,18,9,50,0,0,9,50,0,0,50.0,9
,Aransas,3,2,67,0,0,2,67,0,0,33.3,1
,Archer,2,1,50,0,0,1,50,0,0,50.0,1
,Armstrong,1,1,100,0,0,1,100,0,0,0.0,
,Atascosa,16,7,44,0,0,7,44,0,0,56.3,9
,Austin,5,3,60,0,0,3,60,0,0,40.0,2
,Bandera,4,1,25,0,0,1,25,0,0,75.0,3
,Bastrop,21,17,81,0,0,17,81,0,0,19.0,4
,Bee,5,1,20,0,0,1,20,0,0,80.0,4
,Bell,224,106,47,0,0,106,47,0,0,52.7,118
,Bexar,912,565,62,0,0,565,62,0,0,38.0,347
,Blanco,2,1,50,0,0,1,50,0,0,50.0,1
,Bosque,6,4,67,0,0,4,67,0,0,33.3,2
,Bowie,33,12,36,0,0,12,36,0,0,63.6,21
,Brazoria,100,58,58,0,0,58,58,0,0,42.0,42
,Brazos,27,15,56,0,0,15,56,0,0,44.4,12
,Brooks,1,0,0,,0,0,,0,0,100.0,1
,Brown,7,2,29,0,0,2,29,0,0,71.4,5
,Burleson,8,5,63,0,0,5,63,0,0,37.5,3
,Burnet,5,1,20,0,0,1,20,0,0,80.0,4
,Caldwell,11,4,36,0,0,4,36,0,0,63.6,7
,Calhoun,7,1,14,0,0,1,14,0,0,85.7,6
,Cameron,122,64,52,0,0,64,52,0,0,47.5,58
,Carson,3,3,100,0,0,3,100,0,0,0.0,
,Cass,5,1,20,0,0,1,20,0,0,80.0,4
,Castro,2,1,50,0,0,1,50,0,0,50.0,1
,Chambers,12,10,83,0,0,10,83,0,0,16.7,2
,Cherokee,11,5,45,0,0,5,45,0,0,54.5,6
,Childress,2,1,50,0,0,1,50,0,0,50.0,1
,Clay,3,1,33,0,0,1,33,0,0,66.7,2
,Coleman,2,0,0,,0,0,,0,0,100.0,2
,Collin,270,204,76,0,0,204,76,0,0,24.4,66
,Colorado,4,3,75,0,0,3,75,0,0,25.0,1
,Comal,31,23,74,0,0,23,74,0,0,25.8,8
,Comanche,6,3,50,0,0,3,50,0,0,50.0,3
,Cooke,10,6,60,0,0,6,60,0,0,40.0,4
,Coryell,27,11,41,0,0,11,41,0,0,59.3,16
,Crockett,1,0,0,,0,0,,0,0,100.0,1
,Dallam,2,0,0,,0,0,,0,0,100.0,2
,Dallas,1199,784,65,0,0,784,65,0,0,34.6,415
,Dawson,3,2,67,0,0,2,67,0,0,33.3,1
,De Witt,1,0,0,,0,0,,0,0,100.0,1
,Deaf Smith,8,3,38,0,0,3,38,0,0,62.5,5
,Denton,279,202,72,0,0,202,72,0,0,27.6,77
,Dewitt,1,0,0,,0,0,,0,0,100.0,1
,Dimmit,1,1,100,0,0,1,100,0,0,0.0,
,Duval,1,1,100,0,0,1,100,0,0,0.0,
,Eastland,3,1,33,0,0,1,33,0,0,66.7,2
,Ector,43,22,51,0,0,22,51,0,0,48.8,21
,El Paso,314,135,43,0,0,135,43,0,0,57.0,179
,Ellis,103,55,53,0,0,55,53,0,0,46.6,48
,Erath,4,3,75,0,0,3,75,0,0,25.0,1
,Falls,4,2,50,0,0,2,50,0,0,50.0,2
,Fannin,5,1,20,0,0,1,20,0,0,80.0,4
,Floyd,3,2,67,0,0,2,67,0,0,33.3,1
,Fort Bend,259,191,74,0,0,191,74,0,0,26.3,68
,Franklin,3,2,67,0,0,2,67,0,0,33.3,1
,Freestone,2,1,50,0,0,1,50,0,0,50.0,1
,Frio,2,1,50,0,0,1,50,0,0,50.0,1
,Gaines,6,2,33,0,0,2,33,0,0,66.7,4
,Galveston,139,76,55,0,0,76,55,0,0,45.3,63
,Gillespie,5,3,60,0,0,3,60,0,0,40.0,2
,Goliad,2,0,0,,0,0,,0,0,100.0,2
,Gonzales,1,0,0,,0,0,,0,0,100.0,1
,Gray,6,1,17,0,0,1,17,0,0,83.3,5
,Grayson,79,37,47,0,0,37,47,0,0,53.2,42
,Gregg,33,17,52,0,0,17,52,0,0,48.5,16
,Grimes,7,4,57,0,0,4,57,0,0,42.9,3
,Guadalupe,49,30,61,0,0,30,61,0,0,38.8,19
,Hale,9,8,89,0,0,8,89,0,0,11.1,1
,Hamilton,4,3,75,0,0,3,75,0,0,25.0,1
,Hansford,4,2,50,0,0,2,50,0,0,50.0,2
,Hardin,17,9,53,0,0,9,53,0,0,47.1,8
,Harris,1236,825,67,0,0,825,67,0,0,33.3,411
,Harrison,11,9,82,0,0,9,82,0,0,18.2,2
,Haskell,1,1,100,0,0,1,100,0,0,0.0,
,Hays,62,48,77,0,0,48,77,0,0,22.6,14
,Henderson,22,8,36,0,0,8,36,0,0,63.6,14
,Hidalgo,169,91,54,0,0,91,54,0,0,46.2,78
,Hill,21,11,52,0,0,11,52,0,0,47.6,10
,Hockley,12,9,75,0,0,9,75,0,0,25.0,3
,Hood,9,3,33,0,0,3,33,0,0,66.7,6
,Hopkins,4,1,25,0,0,1,25,0,0,75.0,3
,Houston,1,0,0,,0,0,,0,0,100.0,1
,Howard,10,5,50,0,0,5,50,0,0,50.0,5
,Hunt,24,12,50,0,0,12,50,0,0,50.0,12
,Hutchinson,3,1,33,0,0,1,33,0,0,66.7,2
,Irion,1,1,100,0,0,1,100,0,0,0.0,
,Jack,3,1,33,0,0,1,33,0,0,66.7,2
,Jackson,1,0,0,,0,0,,0,0,100.0,1
,Jasper,3,2,67,0,0,2,67,0,0,33.3,1
,Jefferson,91,38,42,0,0,38,42,0,0,58.2,53
,Jim Wells,22,10,45,0,0,10,45,0,0,54.5,12
,Johnson,128,56,44,0,0,56,44,0,0,56.3,72
,Jones,4,2,50,0,0,2,50,0,0,50.0,2
,Karnes,2,1,50,0,0,1,50,0,0,50.0,1
,Kaufman,88,55,63,0,0,55,63,0,0,37.5,33
,Kendall,7,3,43,0,0,3,43,0,0,57.1,4
,Kerr,3,0,0,,0,0,,0,0,100.0,3
,Kinney,1,0,0,,0,0,,0,0,100.0,1
,Kleberg,8,5,63,0,0,5,63,0,0,37.5,3
,Lamar,4,2,50,0,0,2,50,0,0,50.0,2
,Lamb,2,1,50,0,0,1,50,0,0,50.0,1
,Lampasas,7,2,29,0,0,2,29,0,0,71.4,5
,Lavaca,2,2,100,0,0,2,100,0,0,0.0,
,Lee,5,4,80,0,0,4,80,0,0,20.0,1
,Leon,3,2,67,0,0,2,67,0,0,33.3,1
,Liberty,28,13,46,0,0,13,46,0,0,53.6,15
,Limestone,7,2,29,0,0,2,29,0,0,71.4,5
,Live Oak,4,2,50,0,0,2,50,0,0,50.0,2
,Llano,2,1,50,0,0,1,50,0,0,50.0,1
,Lubbock,127,62,49,0,0,62,49,0,0,51.2,65
,Lynn,6,5,83,0,0,5,83,0,0,16.7,1
,Madison,2,1,50,0,0,1,50,0,0,50.0,1
,Marion,4,1,25,0,0,1,25,0,0,75.0,3
,Martin,1,1,100,0,0,1,100,0,0,0.0,
,Matagorda,7,2,29,0,0,2,29,0,0,71.4,5
,Maverick,7,5,71,0,0,5,71,0,0,28.6,2
,Mc Culloch,1,0,0,,0,0,,0,0,100.0,1
,Mclennan,98,36,37,0,0,36,37,0,0,63.3,62
,Medina,13,9,69,0,0,9,69,0,0,30.8,4
,Midland,38,15,39,0,0,15,39,0,0,60.5,23
,Milam,7,5,71,0,0,5,71,0,0,28.6,2
,Mitchell,2,1,50,0,0,1,50,0,0,50.0,1
,Montague,4,1,25,0,0,1,25,0,0,75.0,3
,Montgomery,180,98,54,0,0,98,54,0,0,45.6,82
,Moore,5,3,60,0,0,3,60,0,0,40.0,2
,Morris,4,4,100,0,0,4,100,0,0,0.0,
,Nacogdoches,4,2,50,0,0,2,50,0,0,50.0,2
,Navarro,21,8,38,0,0,8,38,0,0,61.9,13
,Newton,3,2,67,0,0,2,67,0,0,33.3,1
,Nolan,3,1,33,0,0,1,33,0,0,66.7,2
,Nueces,175,94,54,0,0,94,54,0,0,46.3,81
,Oldham,1,0,0,,0,0,,0,0,100.0,1
,Orange,22,10,45,0,0,10,45,0,0,54.5,12
,Palo Pinto,4,0,0,,0,0,,0,0,100.0,4
,Panola,4,2,50,0,0,2,50,0,0,50.0,2
,Parker,26,9,35,0,0,9,35,0,0,65.4,17
,Pecos,8,5,63,0,0,5,63,0,0,37.5,3
,Polk,5,1,20,0,0,1,20,0,0,80.0,4
,Potter,36,10,28,0,0,10,28,0,0,72.2,26
,Randall,43,14,33,0,0,14,33,0,0,67.4,29
,Red River,3,2,67,0,0,2,67,0,0,33.3,1
,Reeves,1,1,100,0,0,1,100,0,0,0.0,
,Refugio,2,1,50,0,0,1,50,0,0,50.0,1
,Robertson,3,2,67,0,0,2,67,0,0,33.3,1
,Rockwall,32,19,59,0,0,19,59,0,0,40.6,13
,Runnels,4,0,0,,0,0,,0,0,100.0,4
,Rusk,12,7,58,0,0,7,58,0,0,41.7,5
,Sabine,2,2,100,0,0,2,100,0,0,0.0,
,San Augustine,1,0,0,,0,0,,0,0,100.0,1
,San Jacinto,6,3,50,0,0,3,50,0,0,50.0,3
,San Patricio,23,14,61,0,0,14,61,0,0,39.1,9
,Schleicher,1,1,100,0,0,1,100,0,0,0.0,
,Scurry,5,1,20,0,0,1,20,0,0,80.0,4
,Shelby,3,3,100,0,0,3,100,0,0,0.0,
,Sherman,2,1,50,0,0,1,50,0,0,50.0,1
,Smith,52,28,54,0,0,28,54,0,0,46.2,24
,Somervell,3,1,33,0,0,1,33,0,0,66.7,2
,Starr,3,1,33,0,0,1,33,0,0,66.7,2
,Stephens,1,0,0,,0,0,,0,0,100.0,1
,Sterling,1,0,0,,0,0,,0,0,100.0,1
,Sutton,2,1,50,0,0,1,50,0,0,50.0,1
,Swisher,1,1,100,0,0,1,100,0,0,0.0,
,Tarrant,1036,624,60,0,0,624,60,0,0,39.8,412
,Taylor,27,9,33,0,0,9,33,0,0,66.7,18
,Terry,1,1,100,0,0,1,100,0,0,0.0,
,Titus,4,1,25,0,0,1,25,0,0,75.0,3
,Tom Green,34,13,38,0,0,13,38,0,0,61.8,21
,Travis,221,165,75,0,0,165,75,0,0,25.3,56
,Trinity,2,2,100,0,0,2,100,0,0,0.0,
,Tyler,1,1,100,0,0,1,100,0,0,0.0,
,Upshur,19,8,42,0,0,8,42,0,0,57.9,11
,Uvalde,5,3,60,0,0,3,60,0,0,40.0,2
,Val Verde,3,0,0,,0,0,,0,0,100.0,3
,Van Zandt,18,10,56,0,0,10,56,0,0,44.4,8
,Victoria,34,18,53,0,0,18,53,0,0,47.1,16
,Walker,7,2,29,0,0,2,29,0,0,71.4,5
,Waller,7,3,43,0,0,3,43,0,0,57.1,4
,Ward,2,0,0,,0,0,,0,0,100.0,2
,Washington,5,2,40,0,0,2,40,0,0,60.0,3
,Webb,134,83,62,0,0,83,62,0,0,38.1,51
,Wharton,4,3,75,0,0,3,75,0,0,25.0,1
,Wichita,68,18,26,0,0,18,26,0,0,73.5,50
,Wilbarger,1,0,0,,0,0,,0,0,100.0,1
,Willacy,1,0,0,,0,0,,0,0,100.0,1
,Williamson,193,141,73,0,0,141,73,0,0,26.9,52
,Wilson,9,4,44,0,0,4,44,0,0,55.6,5
,Wise,27,10,37,0,0,10,37,0,0,63.0,17
,Wood,8,3,38,0,0,3,38,0,0,62.5,5
,Yoakum,2,2,100,0,0,2,100,0,0,0.0,
,Young,8,5,63,0,0,5,63,0,0,37.5,3
,Zapata,2,1,50,0,0,1,50,0,0,50.0,1
Utah,,334,152,46,75,22,227,68,,14,32.0,107
,Beaver,1,0,0,,0,0,,,1,100.0,1
,Box Elder,2,1,50,0,0,1,50,0,0,50.0,1
,Cache,6,2,33,0,0,2,33,0,0,66.7,4
,Carbon,5,1,20,0,0,1,20,0,0,80.0,4
,Davis,35,15,43,8,23,23,66,,2,34.3,12
,Duchesne,2,0,0,,0,0,,,1,100.0,2
,Emery,1,0,0,,0,0,,0,0,100.0,1
,Grand,3,2,67,1,33,3,100,0,0,0.0,
,Iron,12,6,50,5,42,11,92,0,0,8.3,1
,Kane,3,0,0,1,33,1,33,0,0,66.7,2
,Millard,3,1,33,1,33,2,67,,1,33.3,1
,Salt Lake,113,61,54,27,24,88,78,,2,22.1,25
,Sanpete,6,5,83,0,0,5,83,0,0,16.7,1
,Sevier,6,1,17,2,33,3,50,,1,50.0,3
,Summit,1,1,100,0,0,1,100,0,0,0.0,
,Tooele,7,4,57,0,0,4,57,0,0,42.9,3
,Uintah,16,6,38,3,19,9,56,,1,43.8,7
,Utah,65,29,45,16,25,45,69,,4,30.8,20
,Wasatch,1,0,0,,0,0,,0,0,100.0,1
,Washington,14,6,43,2,14,8,57,,1,42.9,6
,Weber,32,11,34,9,28,20,63,0,0,37.5,12
Vermont,,8,3,38,0,0,3,38,0,0,62.5,5
,Caledonia,2,1,50,0,0,1,50,0,0,50.0,1
,Chittenden,1,0,0,,0,0,,0,0,100.0,1
,Grand Isle,1,0,0,,0,0,,0,0,100.0,1
,Lamoille,1,0,0,,0,0,,0,0,100.0,1
,Rutland,1,1,100,0,0,1,100,0,0,0.0,
,Windham,1,0,0,,0,0,,0,0,100.0,1
,Windsor,1,1,100,0,0,1,100,0,0,0.0,
Virginia,,1257,656,52,3,0,659,52,,45,47.6,598
,Accomack,8,2,25,0,0,2,25,,3,75.0,6
,Albemarle,7,4,57,0,0,4,57,,1,42.9,3
,Alexandria City,13,5,38,0,0,5,38,0,0,61.5,8
,Alleghany,4,1,25,0,0,1,25,0,0,75.0,3
,Amelia,4,1,25,0,0,1,25,0,0,75.0,3
,Amherst,2,1,50,0,0,1,50,0,0,50.0,1
,Appomattox,2,1,50,0,0,1,50,0,0,50.0,1
,Arlington,10,6,60,0,0,6,60,0,0,40.0,4
,Augusta,11,4,36,0,0,4,36,0,0,63.6,7
,Bedford,11,4,36,0,0,4,36,,1,63.6,7
,Botetourt,3,2,67,0,0,2,67,0,0,33.3,1
,Bristol City,3,0,0,,0,0,,0,0,100.0,3
,Buchanan,1,1,100,0,0,1,100,0,0,0.0,
,Buena Vista City,1,0,0,,0,0,,0,0,100.0,1
,Campbell,7,1,14,0,0,1,14,0,0,85.7,6
,Caroline,7,4,57,0,0,4,57,0,0,42.9,3
,Carroll,4,1,25,0,0,1,25,0,0,75.0,3
,Charlotte,1,1,100,0,0,1,100,0,0,0.0,
,Charlottesville City,1,1,100,0,0,1,100,0,0,0.0,
,Chesapeake City,54,27,50,0,0,27,50,,2,50.0,27
,Chesterfield,78,41,53,0,0,41,53,,2,47.4,37
,Colonial Heights City,1,0,0,,0,0,,0,0,100.0,1
,Culpeper,15,10,67,0,0,10,67,0,0,33.3,5
,Cumberland,1,0,0,,0,0,,0,0,100.0,1
,Danville City,6,2,33,0,0,2,33,0,0,66.7,4
,Dickenson,2,0,0,,0,0,,0,0,100.0,2
,Dinwiddie,7,4,57,0,0,4,57,0,0,42.9,3
,Fairfax,123,89,72,0,0,89,72,,3,27.6,34
,Fauquier,4,1,25,0,0,1,25,0,0,75.0,3
,Floyd,3,2,67,0,0,2,67,0,0,33.3,1
,Fluvanna,7,3,43,0,0,3,43,0,0,57.1,4
,Franklin,2,0,0,,0,0,,0,0,100.0,2
,Frederick,8,3,38,0,0,3,38,0,0,62.5,5
,Fredericksburg City,1,1,100,0,0,1,100,0,0,0.0,
,Giles,2,2,100,0,0,2,100,0,0,0.0,
,Gloucester,5,3,60,0,0,3,60,,1,40.0,2
,Goochland,5,2,40,0,0,2,40,,1,60.0,3
,Greene,7,2,29,0,0,2,29,0,0,71.4,5
,Greensville,1,0,0,,0,0,,0,0,100.0,1
,Halifax,2,0,0,,0,0,,0,0,100.0,2
,Hampton City,46,15,33,0,0,15,33,,3,67.4,31
,Hanover,16,10,63,0,0,10,63,0,0,37.5,6
,Harrisonburg City,1,1,100,0,0,1,100,0,0,0.0,
,Henrico,75,29,39,0,0,29,39,,1,61.3,46
,Henry,7,2,29,0,0,2,29,,1,71.4,5
,Hopewell City,5,0,0,,0,0,,0,0,100.0,5
,Isle Of Wight,5,2,40,0,0,2,40,0,0,60.0,3
,James City,13,7,54,0,0,7,54,0,0,46.2,6
,King George,4,0,0,,0,0,,0,0,100.0,4
,King William,2,1,50,0,0,1,50,0,0,50.0,1
,Lancaster,3,1,33,0,0,1,33,0,0,66.7,2
,Lee,1,1,100,0,0,1,100,0,0,0.0,
,Loudoun,41,24,59,0,0,24,59,0,0,41.5,17
,Louisa,6,2,33,0,0,2,33,0,0,66.7,4
,Lunenburg,1,1,100,0,0,1,100,0,0,0.0,
,Lynchburg City,8,4,50,1,13,5,63,,1,37.5,3
,Martinsville City,2,1,50,0,0,1,50,,1,50.0,1
,Mathews,3,1,33,0,0,1,33,0,0,66.7,2
,Mecklenburg,3,1,33,0,0,1,33,0,0,66.7,2
,Middlesex,3,1,33,0,0,1,33,0,0,66.7,2
,Montgomery,1,1,100,0,0,1,100,0,0,0.0,
,Nelson,3,1,33,0,0,1,33,0,0,66.7,2
,Newport News City,30,14,47,0,0,14,47,,1,53.3,16
,Norfolk City,47,24,51,1,2,25,53,,5,46.8,22
,Northumberland,2,2,100,0,0,2,100,0,0,0.0,
,Nottoway,1,1,100,0,0,1,100,0,0,0.0,
,Orange,8,5,63,0,0,5,63,,1,37.5,3
,Page,6,3,50,0,0,3,50,0,0,50.0,3
,Patrick,1,0,0,,0,0,,0,0,100.0,1
,Petersburg City,7,2,29,0,0,2,29,0,0,71.4,5
,Pittsylvania,5,5,100,0,0,5,100,0,0,0.0,
,Portsmouth City,35,13,37,0,0,13,37,,4,62.9,22
,Powhatan,6,5,83,0,0,5,83,0,0,16.7,1
,Prince Edward,2,2,100,0,0,2,100,0,0,0.0,
,Prince George,2,2,100,0,0,2,100,0,0,0.0,
,Prince William,85,58,68,0,0,58,68,,4,31.8,27
,Pulaski,6,3,50,0,0,3,50,0,0,50.0,3
,Radford City,1,0,0,,0,0,,0,0,100.0,1
,Rappahannock,2,0,0,,0,0,,0,0,100.0,2
,Richmond City,29,14,48,0,0,14,48,,1,51.7,15
,Roanoke,26,14,54,0,0,14,54,0,0,46.2,12
,Roanoke City,12,5,42,0,0,5,42,0,0,58.3,7
,Rockbridge,3,3,100,0,0,3,100,0,0,0.0,
,Rockingham,7,4,57,0,0,4,57,,1,42.9,3
,Russell,1,0,0,,0,0,,0,0,100.0,1
,Salem City,2,1,50,0,0,1,50,0,0,50.0,1
,Shenandoah,7,4,57,0,0,4,57,0,0,42.9,3
,Smyth,3,1,33,0,0,1,33,0,0,66.7,2
,Southampton,4,1,25,0,0,1,25,0,0,75.0,3
,Spotsylvania,32,18,56,0,0,18,56,,1,43.8,14
,Stafford,23,14,61,0,0,14,61,0,0,39.1,9
,Staunton City,5,0,0,,0,0,,0,0,100.0,5
,Suffolk City,35,15,43,1,3,16,46,,1,54.3,19
,Surry,3,0,0,,0,0,,0,0,100.0,3
,Tazewell,1,0,0,,0,0,,,1,100.0,1
,Virginia Beach City,101,64,63,0,0,64,63,,2,36.6,37
,Warren,10,6,60,0,0,6,60,0,0,40.0,4
,Washington,5,4,80,0,0,4,80,0,0,20.0,1
,Waynesboro City,1,1,100,0,0,1,100,0,0,0.0,
,Westmoreland,2,2,100,0,0,2,100,0,0,0.0,
,Winchester City,1,0,0,,0,0,,0,0,100.0,1
,Wise,1,0,0,,0,0,,0,0,100.0,1
,Wythe,3,1,33,0,0,1,33,,1,66.7,2
,York,11,7,64,0,0,7,64,,1,36.4,4
Washington,,5104,2109,41,1586,31,3695,72,,2,27.6,1409
,Adams,4,1,25,1,25,2,50,0,0,50.0,2
,Asotin,18,8,44,6,33,14,78,0,0,22.2,4
,Benton,115,42,37,31,27,73,63,0,0,36.5,42
,Chelan,15,6,40,5,33,11,73,0,0,26.7,4
,Clallam,37,14,38,14,38,28,76,0,0,24.3,9
,Clark,269,134,50,82,30,216,80,0,0,19.7,53
,Columbia,1,0,0,,0,0,,0,0,100.0,1
,Cowlitz,111,45,41,28,25,73,66,0,0,34.2,38
,Douglas,17,8,47,5,29,13,76,0,0,23.5,4
,Franklin,56,31,55,12,21,43,77,0,0,23.2,13
,Grant,21,8,38,3,14,11,52,0,0,47.6,10
,Grays Harbor,61,22,36,18,30,40,66,0,0,34.4,21
,Island,46,14,30,21,46,35,76,0,0,23.9,11
,Jefferson,17,4,24,7,41,11,65,0,0,35.3,6
,King,1028,470,46,350,34,820,80,0,0,20.2,208
,Kitsap,194,78,40,44,23,122,63,0,0,37.1,72
,Kittitas,21,9,43,6,29,15,71,0,0,28.6,6
,Klickitat,13,2,15,7,54,9,69,0,0,30.8,4
,Lewis,55,21,38,18,33,39,71,0,0,29.1,16
,Lincoln,3,0,0,2,67,2,67,0,0,33.3,1
,Mason,77,24,31,23,30,47,61,0,0,39.0,30
,Okanogan,16,4,25,7,44,11,69,0,0,31.3,5
,Pacific,22,6,27,9,41,15,68,0,0,31.8,7
,Pend Oreille,8,4,50,1,13,5,63,0,0,37.5,3
,Pierce,1045,406,39,328,31,734,70,0,0,29.8,311
,San Juan,3,0,0,,0,0,,0,0,100.0,3
,Skagit,79,33,42,21,27,54,68,0,0,31.6,25
,Skamania,11,3,27,6,55,9,82,0,0,18.2,2
,Snohomish,582,260,45,184,32,444,76,,2,23.7,138
,Spokane,573,231,40,164,29,395,69,0,0,31.1,178
,Stevens,24,5,21,13,54,18,75,0,0,25.0,6
,Thurston,280,105,38,74,26,179,64,0,0,36.1,101
,Wahkiakum,2,1,50,1,50,2,100,0,0,0.0,
,Walla Walla,21,5,24,9,43,14,67,0,0,33.3,7
,Whatcom,106,44,42,43,41,87,82,0,0,17.9,19
,Whitman,4,2,50,0,0,2,50,0,0,50.0,2
,Yakima,149,59,40,43,29,102,68,0,0,31.5,47
Washington D.C.,,6,3,50,0,0,3,50,,1,50.0,3
,District Of Columbia,6,3,50,0,0,3,50,,1,50.0,3
West Virginia,,83,36,43,8,10,44,53,,10,47.0,39
,Berkeley,23,10,43,5,22,15,65,,2,34.8,8
,Boone,1,0,0,,0,0,,0,0,100.0,1
,Cabell,6,1,17,0,0,1,17,,3,83.3,5
,Calhoun,1,1,100,0,0,1,100,0,0,0.0,
,Greenbrier,1,0,0,,0,0,,0,0,100.0,1
,Hampshire,1,0,0,,0,0,,0,0,100.0,1
,Hancock,1,1,100,0,0,1,100,0,0,0.0,
,Harrison,2,1,50,0,0,1,50,0,0,50.0,1
,Jackson,1,1,100,0,0,1,100,0,0,0.0,
,Jefferson,6,3,50,0,0,3,50,,1,50.0,3
,Kanawha,7,4,57,1,14,5,71,,1,28.6,2
,Lincoln,2,1,50,0,0,1,50,0,0,50.0,1
,Marion,1,0,0,,0,0,,0,0,100.0,1
,Marshall,2,2,100,0,0,2,100,0,0,0.0,
,Mercer,3,3,100,0,0,3,100,0,0,0.0,
,Monongalia,2,1,50,0,0,1,50,0,0,50.0,1
,Monroe,2,0,0,1,50,1,50,0,0,50.0,1
,Nicholas,1,0,0,,0,0,,0,0,100.0,1
,Pocahontas,1,0,0,,0,0,,0,0,100.0,1
,Putnam,6,3,50,0,0,3,50,,1,50.0,3
,Raleigh,2,0,0,1,50,1,50,0,0,50.0,1
,Tyler,1,0,0,,0,0,,,1,100.0,1
,Upshur,1,1,100,0,0,1,100,0,0,0.0,
,Wayne,3,1,33,0,0,1,33,0,0,66.7,2
,Wood,6,2,33,0,0,2,33,,1,66.7,4
Wisconsin,,762,139,18,67,9,206,27,,91,73.0,556
,Adams,5,0,0,2,40,2,40,,2,60.0,3
,Ashland,3,0,0,,0,0,,0,0,100.0,3
,Barron,8,3,38,0,0,3,38,,2,62.5,5
,Bayfield,3,0,0,,0,0,,0,0,100.0,3
,Brown,26,8,31,1,4,9,35,,4,65.4,17
,Burnett,7,1,14,1,14,2,29,,1,71.4,5
,Calumet,2,0,0,,0,0,,,1,100.0,2
,Chippewa,4,1,25,0,0,1,25,,1,75.0,3
,Clark,5,0,0,1,20,1,20,,2,80.0,4
,Columbia,8,1,13,0,0,1,13,0,0,87.5,7
,Crawford,1,0,0,,0,0,,0,0,100.0,1
,Dane,28,3,11,4,14,7,25,,5,75.0,21
,Dodge,8,0,0,1,13,1,13,,1,87.5,7
,Door,2,0,0,,0,0,,0,0,100.0,2
,Douglas,9,1,11,1,11,2,22,,1,77.8,7
,Dunn,3,0,0,,0,0,,,1,100.0,3
,Eau Claire,4,0,0,,0,0,,0,0,100.0,4
,Florence,1,0,0,,0,0,,0,0,100.0,1
,Fond Du Lac,17,3,18,2,12,5,29,,4,70.6,12
,Forest,1,0,0,,0,0,,,1,100.0,1
,Grant,1,0,0,,0,0,,0,0,100.0,1
,Green,4,0,0,,0,0,,0,0,100.0,4
,Green Lake,2,0,0,1,50,1,50,0,0,50.0,1
,Iowa,3,0,0,,0,0,,0,0,100.0,3
,Iron,1,0,0,,0,0,,,1,100.0,1
,Jackson,2,0,0,,0,0,,0,0,100.0,2
,Jefferson,16,2,13,4,25,6,38,,4,62.5,10
,Juneau,5,1,20,0,0,1,20,,1,80.0,4
,Kenosha,37,4,11,2,5,6,16,,6,83.8,31
,Kewaunee,1,0,0,,0,0,,0,0,100.0,1
,La Crosse,4,0,0,,0,0,,,1,100.0,4
,Lafayette,1,0,0,,0,0,,0,0,100.0,1
,Langlade,4,2,50,0,0,2,50,,1,50.0,2
,Lincoln,1,0,0,,0,0,,0,0,100.0,1
,Manitowoc,18,2,11,3,17,5,28,,3,72.2,13
,Marathon,10,2,20,1,10,3,30,,1,70.0,7
,Marinette,2,1,50,0,0,1,50,0,0,50.0,1
,Marquette,3,1,33,0,0,1,33,0,0,66.7,2
,Milwaukee,191,28,15,13,7,41,21,,19,78.5,150
,Monroe,2,0,0,,0,0,,0,0,100.0,2
,Oconto,9,2,22,2,22,4,44,,1,55.6,5
,Oneida,4,0,0,1,25,1,25,,3,75.0,3
,Outagamie,14,5,36,1,7,6,43,,1,57.1,8
,Ozaukee,8,1,13,2,25,3,38,0,0,62.5,5
,Pierce,5,0,0,1,20,1,20,0,0,80.0,4
,Polk,10,5,50,0,0,5,50,,1,50.0,5
,Portage,5,1,20,2,40,3,60,0,0,40.0,2
,Price,1,1,100,0,0,1,100,0,0,0.0,
,Racine,46,9,20,2,4,11,24,,3,76.1,35
,Richland,1,1,100,0,0,1,100,0,0,0.0,
,Rock,21,4,19,3,14,7,33,,4,66.7,14
,Saint Croix,8,3,38,0,0,3,38,0,0,62.5,5
,Sauk,3,1,33,0,0,1,33,0,0,66.7,2
,Sawyer,2,0,0,,0,0,,0,0,100.0,2
,Shawano,3,2,67,0,0,2,67,0,0,33.3,1
,Sheboygan,21,4,19,0,0,4,19,0,0,81.0,17
,Taylor,1,0,0,,0,0,,,1,100.0,1
,Trempealeau,3,1,33,0,0,1,33,,1,66.7,2
,Vernon,1,0,0,,0,0,,0,0,100.0,1
,Vilas,5,1,20,0,0,1,20,0,0,80.0,4
,Walworth,23,3,13,5,22,8,35,,3,65.2,15
,Washburn,6,0,0,1,17,1,17,,2,83.3,5
,Washington,14,4,29,1,7,5,36,,2,64.3,9
,Waukesha,55,15,27,5,9,20,36,,3,63.6,35
,Waupaca,12,4,33,4,33,8,67,0,0,33.3,4
,Waushara,4,2,50,0,0,2,50,0,0,50.0,2
,Winnebago,16,4,25,0,0,4,25,,1,75.0,12
,Wood,8,2,25,0,0,2,25,,2,75.0,6
Wyoming,,25,2,8,6,24,8,32,,1,68.0,17
,Campbell,6,0,0,1,17,1,17,,1,83.3,5
,Carbon,2,0,0,,0,0,,0,0,100.0,2
,Fremont,5,0,0,4,80,4,80,0,0,20.0,1
,Goshen,1,0,0,,0,0,,0,0,100.0,1
,Laramie,5,0,0,1,20,1,20,0,0,80.0,4
,Lincoln,1,0,0,,0,0,,0,0,100.0,1
,Natrona,1,1,100,0,0,1,100,0,0,0.0,
,Sheridan,1,0,0,,0,0,,0,0,100.0,1
,Sublette,1,0,0,,0,0,,0,0,100.0,1
,Sweetwater,1,0,0,,0,0,,0,0,100.0,1
,Washakie,1,1,100,0,0,1,100,0,0,0.0,
Total:,,144110,44531,31,45541,32,90072,63,190,2013,37.4,53848
Unique Total:,,96554,35728,37,6901,7,42629,44,0,0,55.8,53925
